GPS Time, Device Time, Longitude, Latitude,GPS Speed (Meters/second), Horizontal Dilution of Precision, Altitude, Bearing, G(x), G(y), G(z), G(calibrated), 0-30mph Time(s),0-60mph Time(s),40-60mph Time(s),Absolute Throttle Position B(%),Acceleration Sensor(Total)(g),Accelerator PedalPosition D(%),Accelerator PedalPosition E(%),Accelerator PedalPosition F(%),Actual engine % torque(%),Air Fuel Ratio(Commanded)(:1),Air Fuel Ratio(Measured)(:1),Average trip speed(whilst moving only)(mph),Average trip speed(whilst stopped or moving)(mph),Cost per mile/km (Instant)($/m),Cost per mile/km (Trip)($/m),Drivers demand engine % torque(%),EGR Commanded(%),EGR Error(%),Engine Load(%),Engine Load(Absolute)(%),Engine Oil Temperature(Â°C),Engine reference torque(Nm),Engine RPM(rpm),Exhaust gas temp Bank 1 Sensor 1(Â°C),Exhaust gas temp Bank 1 Sensor 2(Â°C),Exhaust gas temp Bank 2 Sensor 1(Â°C),Exhaust gas temp Bank 2 Sensor 2(Â°C),Exhaust Pressure(psi),Fuel flow rate/hour(gal/hr),Fuel flow rate/minute(gal/min),Fuel Rate (direct from ECU)(L/m),GPS Accuracy(ft),GPS Altitude(ft),GPS Bearing(Â°),GPS Latitude(Â°),GPS Longitude(Â°),GPS Satellites,Horsepower (At the wheels)(hp),Intake Air Temperature(Â°C),Kilometers Per Litre(Instant)(kpl),Kilometers Per Litre(Long Term Average)(kpl),Percentage of City driving(%),Percentage of Highway driving(%),Relative Accelerator Pedal Position(%),Relative Throttle Position(%),Run time since engine start(s),Speed (GPS)(mph),Speed (OBD)(mph),Throttle Position(Manifold)(%),Torque(Nm),Transmission Temperature(Method 2)(Â°C),Trip Distance(miles),Trip time(whilst moving)(s),Trip time(whilst stationary)(s)
Fri May 25 19:22:11 EDT 2018,22:11.2,-79.82726446,43.74866405,0.03694218,4,230.9976476,336.73502,-0.31962591,2.77368259,8.7699604,-0.01676444,-,-,-,4.31372547,-0.04009457,0,0,-,-,14.66994286,14.60579205,2.30795002,0.10290223,âˆž,3.34443212,-,-,-,30.19607925,25.09803963,-,-,725,-,-,-,-,-,0.36651179,0.00610853,-,13.12335968,757.866333,336.7350159,43.74866486,-79.82726288,14,-,51,0,25.69696045,0.75150162,0,-,1.17647064,236,0.0826373,0,4.31372547,-,-,0.00949449,10.81200027,275.54599
Fri May 25 19:22:14 EDT 2018,22:14.2,-79.82725964,43.74866783,0.25769523,4,231.0165733,13.341029,-1.98718739,-7.70573807,5.39772797,0.00140756,-,-,-,3.92156863,-0.02410727,0,0,-,-,14.66994286,14.68968201,2.30795002,0.10225096,âˆž,4.0727272,-,-,-,28.62745094,21.1764698,-,-,700,-,-,-,-,-,0.33621463,0.00560358,-,13.12335968,757.9284058,13.34102917,43.74866867,-79.82726288,14,-,51,0,25.68780708,0.74374622,0,-,1.17647064,289,0.57644778,0,3.92156863,-,-,0.00949449,10.81200027,278.5320129
Fri May 25 19:22:17 EDT 2018,22:17.2,-79.8272501,43.7486735,0.03419555,4,231.0345338,13.341029,-2.05063367,-7.78833818,5.46117401,0.0089267,-,-,-,3.92156863,-0.00917275,0,0,-,-,14.66994286,14.68160725,2.30795002,0.10097282,âˆž,4.11481476,-,-,-,28.23529434,20.3921566,-,-,687.5,-,-,-,-,-,0.33270571,0.0055451,-,13.12335968,757.9873047,13.34102917,43.74867249,-79.82724762,14,-,51,0,25.67904091,0.73614931,0,-,1.17647064,293,0.07649326,0,3.92156863,-,-,0.00949449,10.81200027,281.5180054
Fri May 25 19:22:20 EDT 2018,22:20.2,-79.82725038,43.74867352,0.01182142,4,231.0390427,13.341029,-2.01591778,-7.69616127,5.53180313,0.00298424,-,-,-,3.52941179,-0.02719098,0,0,-,-,14.66994286,14.6398859,2.30795002,0.09972624,âˆž,4.14872646,-,-,-,28.23529434,19.6078434,-,-,675,-,-,-,-,-,0.31899956,0.00531666,-,13.12335968,758.0021362,13.34102917,43.74867249,-79.82724762,13,-,51,0,25.66986275,0.7294693,0,-,1.17647064,296,0.02644376,0,3.92156863,-,-,0.00949449,10.81200027,284.1950073
Fri May 25 19:22:23 EDT 2018,22:23.2,-79.82725063,43.74867329,0.01182478,4,231.0438734,13.341029,-2.0973208,-7.82784224,5.40371323,0.00468059,-,-,-,3.52941179,-0.01514469,0,0,-,-,14.66994286,14.71166325,2.30795002,0.09851006,âˆž,4.17705488,-,-,-,29.01960754,20.3921566,-,-,662.5,-,-,-,-,-,0.33053178,0.00550886,-,13.12335968,758.0179443,13.34102917,43.74867249,-79.82724762,13,-,51,0,25.66227913,0.72167784,0,-,1.17647064,299,0.02645128,0,3.92156863,-,-,0.00949449,10.81200027,287.3800049
Fri May 25 19:22:26 EDT 2018,22:26.2,-79.82725072,43.74867388,0.014019633,4,231.0488714,13.341029,-2.02669168,-7.66264248,5.43603516,-0.00127101,-,-,-,3.52941179,-0.00569728,0,0,-,-,14.66994286,14.70358849,2.30795002,0.09674043,âˆž,4.21572542,-,-,-,29.41176605,20.3921566,-,-,662.5,-,-,-,-,-,0.31876341,0.00531272,-,13.12335968,758.0343628,13.34102917,43.74867249,-79.82724762,13,-,51,0,25.65133667,0.71378344,0,-,1.17647064,302,0.03136102,0,3.92156863,-,-,0.00949449,10.81200027,290.678009
Fri May 25 19:22:29 EDT 2018,22:29.2,-79.82725031,43.74867459,0.040205847,4,231.0542079,13.341029,-1.97641349,-7.82903957,5.43004942,0.00364855,-,-,-,3.52941179,-0.00458894,0,0,-,-,14.66994286,14.65379333,2.30795002,0.09616459,âˆž,4.24362803,-,-,-,28.62745094,20.3921566,-,-,675,-,-,-,-,-,0.33606955,0.00560116,-,13.12335968,758.0518799,13.34102917,43.7486763,-79.82724762,13,-,51,0,25.64224815,0.70834446,0,-,1.17647064,304,0.08993792,0,3.92156863,-,-,0.00949449,10.81200027,292.9930115
Fri May 25 19:22:32 EDT 2018,22:32.2,-79.82724883,43.74867535,0.042646505,4,231.0598444,13.341029,-2.04823947,-7.79432344,5.42526102,0.00491864,-,-,-,3.52941179,-0.01263334,0,0,-,-,14.66994286,14.66994286,2.30795002,0.09503324,âˆž,4.27871609,-,-,-,29.41176605,20.3921566,-,-,662.5,-,-,-,-,-,0.32602522,0.00543375,-,13.12335968,758.0703735,13.34102917,43.7486763,-79.82724762,14,-,51,0,25.63510895,0.70062345,0,-,1.17647064,308,0.09539751,0,3.92156863,-,-,0.00949449,10.81200027,296.3410034
Fri May 25 19:22:35 EDT 2018,22:35.2,-79.82724814,43.74867672,0.15065409,4,231.065651,13.341029,-1.98718739,-7.53215837,5.55095673,-0.01079345,-,-,-,3.92156863,-0.02499427,0,0,-,-,14.66994286,14.64975643,2.30795002,0.0939282,âˆž,4.31423235,-,-,-,29.41176605,20.3921566,-,-,650,-,-,-,-,-,0.33331621,0.00555527,-,13.12335968,758.0894165,13.34102917,43.7486763,-79.82724762,14,-,51,0,25.62853241,0.69370794,0,-,1.17647064,311,0.33700359,0,3.92156863,-,-,0.00949449,10.81200027,299.4030151
Fri May 25 19:22:38 EDT 2018,22:38.2,-79.82725064,43.74867852,0.62578917,4,231.1053973,311.6155,-1.52031803,-6.98029518,6.40448952,-0.00521499,-,-,-,9.8039217,-0.02039716,27.05882454,26.27450943,-,-,14.549716,14.52190304,2.1747992,0.09941939,âˆž,4.37329769,-,-,-,42.74509811,39.2156868,-,-,1512.5,-,-,-,-,-,1.22064292,0.02034405,-,13.12335968,758.2197876,311.615509,43.74868011,-79.82724762,15,7.12449026,51,1.29851079,25.60279655,0.92553908,0,-,5.49019623,314,1.39985049,4.97096968,10.1960783,2.39602089,-,0.01471268,11.98400021,301.5610046
Fri May 25 19:22:41 EDT 2018,22:41.2,-79.82734516,43.74873803,3.7355862,4,231.3106302,312.32956,-1.16597629,-6.79354715,6.37935066,0.00271882,-,-,-,12.54901981,-0.02046294,30.58823586,30.19607925,-,-,14.549716,14.35187912,3.35540438,0.18957086,0.92671651,2.65389609,-,-,-,52.54901886,34.50980377,-,-,1750,-,-,-,-,-,1.81171775,0.0301953,-,13.12335968,758.8931274,312.3295593,43.74873734,-79.8273468,15,16.39585495,51,2.62461066,25.56869698,1.78506505,0,-,8.23529434,316,8.35626793,12.42742348,11.76470566,40.3508873,-,0.02098957,14.72799969,301.5610046
Fri May 25 19:22:44 EDT 2018,22:44.2,-79.82753678,43.74887252,6.937076,3,231.6265406,314.2194,-2.85029721,-8.57243919,5.43723202,0.09381407,-,-,-,4.31372547,-0.01615698,0,0,-,-,14.549716,15.27197552,6.11811638,0.44186398,0.10134298,1.49871075,-,-,-,19.2156868,14.90196037,-,-,1025,-,-,-,-,-,0.43656397,0.00727607,-,9.84251976,759.9296265,314.2193909,43.74887085,-79.82753754,15,18.83926773,51,15.73288536,25.55220795,2.63590908,0,-,1.17647064,320,15.51779652,16.15565109,4.31372547,86.54827881,-,0.03434971,17.49200058,301.5610046
Fri May 25 19:22:47 EDT 2018,22:47.2,-79.82772034,43.7489927,5.980228,3,231.6577374,298.52435,-3.34829116,-6.88332987,5.23492193,0.0042173,-,-,-,4.31372547,0.02095156,0,0,-,-,14.549716,14.68968201,7.04220676,0.58040166,0.05234919,1.03347492,-,-,-,24.31372643,17.25490189,-,-,950,-,-,-,-,-,0.42686602,0.00711443,-,9.84251976,760.0319214,298.524353,43.74899292,-79.82772064,15,-,50,11.13945293,25.54811668,3.58747864,0,-,1.17647064,322,13.37738895,8.69919682,4.70588255,-,-,0.04676871,20.64100075,301.5610046
Fri May 25 19:22:50 EDT 2018,22:50.2,-79.82787421,43.74902779,4.6707444,4,231.5879303,255.20796,-4.12281513,-5.81791019,6.81030655,0.01899173,-,-,-,11.37254906,0.01894388,35.29411697,34.90196228,-,-,14.549716,14.62777328,7.23714638,0.66864944,0.16149892,0.95488667,-,-,-,45.49019623,36.07843018,-,-,1937.5,-,-,-,-,-,1.90163684,0.03169395,-,13.12335968,759.8029175,255.207962,43.74902725,-79.82787323,15,2.89734221,50,2.22267175,25.514328,4.35894966,0,-,7.05882359,326,10.44815826,9.94193935,10.98039246,-,-,0.05496057,23.23999977,301.5610046
Fri May 25 19:22:53 EDT 2018,22:53.2,-79.82804318,43.74892373,6.671831,3,231.4351799,216.8561,-2.56179571,-6.86896467,6.23330402,-0.00007588,-,-,-,16.47058868,-0.03018534,33.33333206,34.90196228,-,-,14.549716,14.14596748,7.91430664,0.80845064,0.28712276,0.8091433,-,-,-,52.15686417,36.07843018,-,-,1850,-,-,-,-,-,2.22753406,0.03712557,-,9.84251976,759.3017578,216.8560944,43.74892426,-79.82804108,15,16.7526741,48,2.84622884,25.47052956,5.24840498,0,-,12.94117641,326,14.92446041,17.39839363,18.8235302,54.69857025,-,0.06637707,26.28899956,301.5610046
Fri May 25 19:22:56 EDT 2018,22:56.2,-79.82823393,43.74873365,8.236266,4,231.2074845,222.26083,-3.22020125,-7.87931776,5.22175407,0.02494137,-,-,-,4.31372547,0.04120016,10.98039246,6.27450991,-,-,14.549716,14.86957359,8.45064831,0.90381265,0.30916008,0.6691311,-,-,-,21.56862831,31.37254906,-,-,962.5,-,-,-,-,-,0.47724524,0.00795409,-,13.12335968,758.5547485,222.2608337,43.74873352,-79.82823181,15,6.57801247,47,16.60590553,25.46520805,6.12657499,0,-,1.17647064,330,18.42400169,17.39839363,4.70588255,40.29283905,-,0.08261311,29.3560009,301.5610046
Fri May 25 19:22:59 EDT 2018,22:59.2,-79.8284094,43.74859477,5.897497,3,230.9397287,228.37282,-3.51468801,-7.26041651,4.74889898,0.00082859,-,-,-,4.70588255,-0.07958522,0,0,-,-,14.549716,14.59592342,8.81755352,0.98493946,0.09790774,0.58421761,-,-,-,23.52941132,17.25490189,-,-,987.5,-,-,-,-,-,0.43406078,0.00723435,-,9.84251976,757.6762695,228.372818,43.74859619,-79.82840729,15,-,47,15.82361603,25.46211433,6.96326685,0,-,0.78431374,334,13.19232559,8.69919682,4.70588255,40.29283905,-,0.0956182,32.33200073,301.5610046
Fri May 25 19:23:02 EDT 2018,23:02.2,-79.82849561,43.74855117,3.687394,2,230.916845,261.98743,-1.52151513,-8.04451752,6.01782608,0.0061501,-,-,-,10.98039246,-0.03665345,34.90196228,34.11764908,-,-,14.549716,14.61162376,8.69919682,1.01260495,0.09160609,0.50898743,-,-,-,42.74509811,36.07843018,-,-,1725,-,-,-,-,-,1.3413589,0.02235598,-,6.56167984,757.6011963,261.9874268,43.74855042,-79.82849884,15,-,47,2.7571857,25.42936325,7.76874876,0,-,6.66666698,337,8.24846554,8.69919682,9.01960754,-,-,0.10098547,35.2480011,301.5610046
Fri May 25 19:23:05 EDT 2018,23:05.2,-79.82866678,43.74858449,5.360789,2,230.7462146,308.2542,-2.97000718,-6.57567501,6.73967791,0.00326682,-,-,-,12.54901981,-0.03130281,32.15686417,31.76470566,-,-,14.82964706,14.61162376,8.90632057,1.11911881,0.69968617,0.47470778,-,-,-,53.72549057,38.4313736,-,-,1950,-,-,-,-,-,2.05644941,0.03427416,-,6.56167984,757.0413818,308.2542114,43.74858475,-79.82866669,15,13.11668491,47,2.82610035,25.39642334,8.69692993,0,-,7.84313726,340,11.99174309,14.91290855,11.76470566,39.0868721,-,0.1101179,38.67200089,301.5610046
Fri May 25 19:23:08 EDT 2018,23:08.2,-79.82889108,43.74872377,8.286216,3,230.5762385,305.4897,-3.82354021,-6.7779851,5.84304905,-0.00603295,-,-,-,13.33333397,-0.02616279,27.05882454,26.27450943,-,-,14.89155579,13.41563416,9.55955696,1.28781593,0.23063932,0.43769401,-,-,-,27.84313774,43.13725662,-,-,1200,-,-,-,-,-,0.45207882,0.00753465,-,9.84251976,756.4837036,305.4896851,43.74872208,-79.82888794,15,8.08305359,46,18.69901657,25.3672142,9.52421188,0,-,5.49019623,343,18.53573608,19.88387871,11.76470566,80.2283783,-,0.12490169,41.78300095,301.5610046
Fri May 25 19:23:11 EDT 2018,23:11.2,-79.82919453,43.74886995,9.033957,3,230.3901558,293.7878,-4.08929634,-6.57926607,6.50744009,0.01504461,-,-,-,7.05882359,0.00638008,12.54901981,12.15686321,-,-,14.78164673,14.80587101,10.62759018,1.57244956,0.13484725,0.38672814,-,-,-,45.49019623,21.96078491,-,-,1525,-,-,-,-,-,1.34545028,0.02242417,-,9.84251976,755.87323,293.7878113,43.74887085,-79.82919312,15,8.08305359,46,6.28297424,25.36166382,10.25866985,0,-,3.52941179,346,20.20838547,19.88387871,7.84313726,-,-,0.14315689,44.5929985,301.5610046
Fri May 25 19:23:14 EDT 2018,23:14.2,-79.82952568,43.74895097,9.49498,3,230.2015922,278.1336,-5.30674791,-8.04930592,4.61003542,0.06886639,-,-,-,4.70588255,0.00179363,0,0,-,-,14.65379333,14.96198654,11.5730381,1.86099112,0.08580162,0.34856904,-,-,-,22.35294151,23.52941132,-,-,937.5,-,-,-,-,-,0.40402535,0.00673376,-,9.84251976,755.2545776,278.133606,43.74895096,-79.82952881,15,8.58200359,46,20.9230175,25.34537125,11.10561085,0,-,1.17647064,349,21.23966408,17.39839363,4.31372547,48.88828278,-,0.16070959,47.89099884,301.5610046
Fri May 25 19:23:17 EDT 2018,23:17.2,-79.82979726,43.74896613,6.301701,3,230.0056634,267.20114,-3.57574034,-6.83065748,5.47673655,0.01752863,-,-,-,4.70588255,-0.03563503,0,0,-,-,14.7376833,14.79196453,11.69639969,1.97849536,0.04207852,0.32633439,-,-,-,22.74509811,16.47058868,-,-,1025,-,-,-,-,-,0.42222354,0.00703706,-,9.84251976,754.6117554,267.2011414,43.74896622,-79.82979584,15,-,46,8.75928307,25.34216309,11.86925888,0,-,1.17647064,352,14.09650326,6.21371174,4.70588255,-,-,0.17435668,50.91899872,301.5610046
Fri May 25 19:23:20 EDT 2018,23:20.2,-79.82991159,43.74895471,3.3806145,3,229.9837394,258.81677,-2.46363354,-6.53497362,6.45117664,0.00598525,-,-,-,10.98039246,-0.02472747,33.72549057,33.33333206,-,-,14.63764286,14.68160725,11.32276344,2.00797772,0.06452571,0.30855805,-,-,-,43.92156982,36.07843018,-,-,1725,-,-,-,-,-,1.50071502,0.02501192,-,9.84251976,754.5397949,258.8167725,43.74895477,-79.82991028,15,2.25385356,45,1.76029193,25.32436943,12.54831505,0,-,6.66666698,355,7.56221914,7.45645428,10.58823586,-,-,0.1801389,53.65599823,301.5610046
Fri May 25 19:23:23 EDT 2018,23:23.2,-79.83008021,43.74892796,5.4536724,3,229.7386991,264.42975,-4.72735119,-6.4739213,6.22851562,0.04264016,-,-,-,11.76470566,-0.04610658,29.41176605,29.01960754,-,-,14.71390629,14.61790466,11.28027725,2.1355865,0.37079686,0.30513924,-,-,-,45.09804153,35.29411697,-,-,1800,-,-,-,-,-,1.60199666,0.02669994,-,9.84251976,753.7359009,264.4297485,43.74892807,-79.83007812,14,13.39275932,45,3.29800534,25.28367233,13.24921989,0,-,7.05882359,358,12.1995182,13.67016602,12.15686321,54.10869217,-,0.18880072,56.52600098,301.5610046
Fri May 25 19:23:26 EDT 2018,23:26.2,-79.83032817,43.74888964,6.4708447,3,229.5084262,248.0646,-3.25012875,-6.57806921,6.04296494,0.01585951,-,-,-,8.23529434,-0.02615535,16.47058868,15.68627453,-,-,14.94359398,14.79196453,11.4805727,2.30710077,0.12076444,0.29117379,-,-,-,38.82352829,25.88235283,-,-,1600,-,-,-,-,-,1.16430354,0.01940506,-,9.84251976,752.9804077,248.0646057,43.74888992,-79.8303299,14,7.26101828,45,5.44537735,25.26568031,14.06919956,0,-,4.70588255,361,14.47486687,14.91290855,7.84313726,29.27699661,-,0.20152009,59.94300079,301.5610046
Fri May 25 19:23:29 EDT 2018,23:29.2,-79.83055963,43.74880461,7.3651667,3,229.4136193,241.27771,-2.60369444,-5.73291588,5.3450551,0.00141757,-,-,-,9.4117651,0.12394775,19.2156868,18.4313736,-,-,14.7417202,14.69596195,11.66483212,2.43247676,0.11410491,0.2827369,-,-,-,47.84313965,28.23529434,-,-,1300,-,-,-,-,-,1.16888165,0.01948136,-,9.84251976,752.6693726,241.27771,43.748806,-79.83055878,14,7.51540375,45,5.87605381,25.24707794,14.7240324,0,-,5.49019623,363,16.47540855,17.39839363,7.84313726,34.71118164,-,0.21451965,62.71900177,301.5610046
Fri May 25 19:23:32 EDT 2018,23:32.2,-79.83081957,43.74868447,8.5341,3,229.0281732,226.71231,-3.53743291,-6.84143114,5.97951889,0.06270029,-,-,-,9.4117651,-0.02924768,18.4313736,18.03921509,-,-,14.83996487,14.75966454,12.08368587,2.65389371,0.1186283,0.26515639,-,-,-,50.19607925,36.86274338,-,-,1275,-,-,-,-,-,1.22138357,0.02035639,-,9.84251976,751.4047241,226.7123108,43.74868393,-79.83081818,14,8.35654068,44,6.48861694,25.2315197,15.3735714,0,-,6.27450991,367,19.09023666,19.88387871,9.8039217,40.08764267,-,0.22996469,65.51499939,301.5610046
Fri May 25 19:23:35 EDT 2018,23:35.2,-79.83105895,43.74848567,9.870947,3,228.5442992,222.42615,-2.85388851,-6.54455042,6.17464638,-0.01458896,-,-,-,14.50980377,0.04888501,30.58823586,30.19607925,-,-,14.69999981,14.3357296,12.601408,2.90355015,0.1253055,0.25174236,-,-,-,60.7843132,51.76470566,-,-,1462.5,-,-,-,-,-,1.71110821,0.02851847,-,9.84251976,749.8172607,222.4261475,43.74848557,-79.83106232,14,9.16677094,44,5.55786467,25.18989944,16.1368618,0,-,10.58823586,369,22.08067894,23.61210442,14.50980377,42.60956573,-,0.24818541,68.85600281,301.5610046
Fri May 25 19:23:38 EDT 2018,23:38.2,-79.83133068,43.74825053,11.358592,3,228.2522492,219.57204,-3.38899255,-6.33745193,6.03817654,-0.00517118,-,-,-,10.58823586,0.01617658,20,19.2156868,-,-,14.81394672,14.78164673,13.04879475,3.09834409,0.40922448,0.23882575,-,-,-,55.29411697,39.2156868,-,-,1250,-,-,-,-,-,1.2786659,0.0213111,-,9.84251976,748.8590698,219.5720367,43.74824905,-79.83132935,14,19.48882866,43,8.67711067,25.16922951,16.75688362,0,-,7.05882359,373,25.40844536,26.09758949,12.94117641,51.22017288,-,0.26936334,71.61499786,301.5610046
Fri May 25 19:23:41 EDT 2018,23:41.2,-79.83159477,43.74797922,12.300908,3,228.4417582,214.48132,-3.34829116,-6.4739213,5.84424639,0.03987159,-,-,-,9.4117651,-0.00177317,16.47058868,15.68627453,-,-,14.72960758,14.76190758,13.78314304,3.41474247,0.06422725,0.22367279,-,-,-,36.07843018,38.4313736,-,-,1212.5,-,-,-,-,-,0.71817094,0.01196952,-,9.84251976,749.480835,214.4813232,43.74797821,-79.83159637,14,9.61740112,42,16.18481636,25.14814186,17.38186836,0,-,6.27450991,375,27.51634789,27.34033203,8.23529434,54.24409103,-,0.29229921,75.02700043,301.5610046
Fri May 25 19:23:44 EDT 2018,23:44.2,-79.83185187,43.74769957,12.480639,3,228.7401982,214.52437,-3.38779545,-6.60560226,5.38934803,-0.02033126,-,-,-,9.4117651,-0.06847044,19.6078434,19.2156868,-,-,14.66994286,14.71973896,14.48437691,3.73375034,0.05313872,0.21389556,-,-,-,42.74509811,37.64706039,-,-,1187.5,-,-,-,-,-,0.92226702,0.01537112,-,9.84251976,750.4599609,214.5243683,43.74769974,-79.83184814,14,-,43,12.6031456,25.13580132,18.12872505,0,-,5.88235283,378,27.918396,27.34033203,10.1960783,54.24409103,-,0.31550118,77.86799622,301.5610046
Fri May 25 19:23:47 EDT 2018,23:47.2,-79.83211425,43.74741147,12.568287,3,228.9939083,214.7067,-3.21660995,-6.83664274,5.05775118,-0.01961272,-,-,-,4.70588255,-0.03760823,0,0,-,-,0,29.39955139,14.91290855,3.94173789,0.06288885,0.19633542,-,-,-,20.3921566,15.68627453,-,-,1112.5,-,-,-,-,-,0,0,-,9.84251976,751.2923584,214.7066956,43.74740982,-79.83211517,14,-,42,217.6716766,25.13820076,18.71634293,0,-,1.17647064,381,28.11445618,26.09758949,4.70588255,-,-,0.33933955,80.61100006,301.5610046
Fri May 25 19:23:50 EDT 2018,23:50.2,-79.83236171,43.74714962,11.520748,3,229.1638764,215.55377,-3.63918662,-6.7540431,5.09605837,-0.04212624,-,-,-,4.70588255,0.02314665,0,0,-,-,0,29.39955139,15.38633442,4.21451759,0,0.18368948,-,-,-,20.7843132,15.68627453,-,-,1100,-,-,-,-,-,0,0,-,9.84251976,751.8499756,215.553772,43.74715042,-79.83235931,14,-,43,217.6716766,25.15328789,19.42808914,0,-,1.17647064,384,25.7711792,23.61210442,4.70588255,-,-,0.36125419,84.02300262,301.5610046
Fri May 25 19:23:53 EDT 2018,23:53.2,-79.8325807,43.74692079,9.9836855,3,229.3049067,215.31502,-4.08570528,-7.66144562,4.15872812,0.00652542,-,-,-,4.70588255,-0.01828414,0,0,-,-,0,13.99972248,15.58207798,4.3656683,0,0.1768074,-,-,-,21.96078491,16.47058868,-,-,1025,-,-,-,-,-,0.48381212,0.00806354,-,9.84251976,752.3126831,215.3150177,43.74692154,-79.83258057,14,-,43,17.47254562,25.16077232,20.01045418,0,-,1.17647064,387,22.33286667,17.39839363,4.70588255,-,-,0.38048178,86.79399872,301.5610046
Fri May 25 19:23:56 EDT 2018,23:56.2,-79.8327283,43.74676691,5.936198,3,229.3786895,216.25488,-3.36505055,-6.98029518,5.55095673,0.00231628,-,-,-,4.70588255,0.00026712,0,0,-,-,12.49957561,12.78982544,15.50645638,4.43988276,0.01516204,0.1691355,-,-,-,21.17647171,16.47058868,-,-,1087.5,-,-,-,-,-,0.48970827,0.0081618,-,9.84251976,752.5547485,216.2548828,43.74676514,-79.83272552,14,-,43,7.55220079,25.15657806,20.60293198,0,-,1.17647064,390,13.27889729,6.21371174,4.70588255,-,-,0.39342394,89.69200134,301.5610046
Fri May 25 19:23:59 EDT 2018,23:59.2,-79.8328039,43.74669781,4.156759,3,229.3095863,200.10585,-4.66390514,-5.76643467,6.96233845,0.05594295,-,-,-,12.15686321,0.04297029,36.86274719,36.07843018,-,-,14.84759235,14.79196453,15.16145706,4.4780674,0.13672,0.16725777,-,-,-,50.58823776,37.64706039,-,-,1912.5,-,-,-,-,-,1.86341786,0.03105696,-,9.84251976,752.328064,200.1058502,43.74669647,-79.83280182,14,10.62317467,43,2.26825905,25.1183567,21.23884964,0,-,7.84313726,393,9.29840469,11.18468189,12.54901981,27.18839836,-,0.39951491,92.8730011,301.5610046
Fri May 25 19:24:02 EDT 2018,24:02.2,-79.83278361,43.74654313,7.0642476,2,229.1909425,145.6595,-2.94486809,-6.41885471,6.53976202,-0.04766906,-,-,-,14.90196133,-0.1071564,32.15686417,31.37254906,-,-,14.77985287,14.69999981,15.13729286,4.56018829,0.46187565,0.16817051,-,-,-,59.60784531,40.7843132,-,-,1800,-,-,-,-,-,2.08645678,0.03477428,-,6.56167984,751.9387817,145.6595001,43.74654388,-79.83278656,14,13.05359364,43,3.29190207,25.08301926,21.8214035,0,-,10.1960783,396,15.80227184,17.39839363,14.11764717,63.38366318,-,0.41065785,95.81199646,301.5610046
Fri May 25 19:24:05 EDT 2018,24:05.2,-79.8325746,43.74634793,9.385292,3,229.0954159,144.06714,-2.20625687,-6.9108634,5.75087261,-0.01423271,-,-,-,12.54901981,-0.02942253,24.70588303,23.92156982,-,-,14.75787067,14.68968201,15.3437252,4.75528717,1.66265666,0.16646729,-,-,-,54.11764908,43.92156982,-,-,1500,-,-,-,-,-,1.5022682,0.0250378,-,9.84251976,751.6253662,144.0671387,43.74634933,-79.83257294,14,9.82205296,42,5.97880507,25.04833984,22.35427856,0,-,8.62745094,399,20.99430084,22.36936378,12.54901981,113.9247665,-,0.42772153,99.03500366,301.5610046
Fri May 25 19:24:08 EDT 2018,24:08.2,-79.83237104,43.74609931,11.118132,3,229.1872598,160.46016,-2.64918423,-7.57764816,6.31590414,0.0074025,-,-,-,10.1960783,-0.04389104,16.86274529,16.07843208,-,-,14.7417202,15.07593346,15.6617403,4.9861865,0.10550708,0.16183798,-,-,-,50.98039246,40,-,-,1187.5,-,-,-,-,-,1.14379454,0.01906324,-,9.84251976,751.9266968,160.4601593,43.74609756,-79.83237457,14,9.79052067,42,9.23835945,25.02011681,23.00762177,0,-,6.66666698,401,24.87055206,24.85484695,9.01960754,49.18942642,-,0.4477489,101.9339981,301.5610046
Fri May 25 19:24:11 EDT 2018,24:11.2,-79.83227458,43.74579537,11.913735,3,229.2780984,172.96124,-2.87663341,-7.13112974,5.5066638,-0.01689464,-,-,-,10.98039246,-0.04456324,20.3921566,19.6078434,-,-,14.59367943,14.71794415,15.92263699,5.15712929,0.08811471,0.15844224,-,-,-,43.92156982,41.5686264,-,-,1125,-,-,-,-,-,0.88932449,0.01482207,-,9.84251976,752.2247315,172.9612427,43.7457962,-79.83227539,14,10.38888645,42,13.06999302,25.00307274,23.55122757,0,-,7.45098066,404,26.65026665,27.34033203,10.98039246,58.53660965,-,0.46932799,104.8030014,301.5610046
Fri May 25 19:24:14 EDT 2018,24:14.2,-79.83224522,43.74545343,12.668174,3,228.710266,176.46573,-3.69784451,-7.19337893,5.56173038,-0.038221,-,-,-,4.70588255,-0.01082698,0,0,-,-,0,29.39955139,16.35029793,5.42829895,0.0622975,0.15076683,-,-,-,19.6078434,15.68627453,-,-,1125,-,-,-,-,-,0,0,-,9.84251976,750.3617554,176.4657288,43.74545288,-79.83224487,14,-,41,217.6716766,25.00302315,24.07292366,0,-,0.78431374,408,28.33789635,27.34033203,4.70588255,-,-,0.49298263,107.5950012,301.5610046
Fri May 25 19:24:17 EDT 2018,24:17.2,-79.83222659,43.74511629,12.397637,3,228.2202007,177.67686,-3.29202724,-7.09641361,5.38216543,0.0400511,-,-,-,4.70588255,-0.03173,0,0,-,-,0,29.39955139,16.73367119,5.68812513,0,0.14376678,-,-,-,19.6078434,14.90196037,-,-,1137.5,-,-,-,-,-,0,0,-,9.84251976,748.7539673,177.6768646,43.74511719,-79.83222961,14,-,42,217.6716766,25.01869965,24.66911125,0,-,1.17647064,410,27.73272324,26.09758949,4.70588255,-,-,0.51627856,110.8330002,301.5610046
Fri May 25 19:24:20 EDT 2018,24:20.2,-79.8322214,43.74479097,12.0224495,2,227.6824087,180.63348,-3.96000957,-7.68658447,5.27322912,0.05139476,-,-,-,4.70588255,0.00501068,0,0,-,-,0,29.39955139,17.04930878,5.92729855,0,0.13764158,-,-,-,19.2156868,14.90196037,-,-,1137.5,-,-,-,-,-,0,0,-,6.56167984,746.989502,180.6334839,43.74478912,-79.83222198,14,-,42,217.6716766,25.02622414,25.17571259,0,-,1.17647064,414,26.89345169,24.85484695,4.70588255,-,-,0.53874052,113.625,301.5610046
Fri May 25 19:24:23 EDT 2018,24:23.2,-79.83222333,43.74449212,10.38121,2,227.3496913,180.28331,-4.66270781,-7.87931776,5.02542925,0.04292757,-,-,-,4.70588255,0.00971901,0,0,-,-,0,14.08764935,17.24980545,6.12734365,0,0.13222322,-,-,-,19.2156868,15.68627453,-,-,1075,-,-,-,-,-,0.49582836,0.00826381,-,6.56167984,745.8979492,180.2833099,43.74449158,-79.83222198,14,-,42,17.04910469,25.03766441,25.76098251,0,-,1.17647064,416,23.22210503,18.64113617,4.70588255,-,-,0.5593822,116.8980026,301.5610046
Fri May 25 19:24:26 EDT 2018,24:26.2,-79.83221613,43.74428905,6.3779716,3,227.1918787,178.6851,-4.20900679,-7.61475849,4.60045862,0.03392164,-,-,-,4.70588255,0.01253966,0,0,-,-,12.49957561,12.53366947,17.18686295,6.18990469,0.01405042,0.12978911,-,-,-,21.96078491,17.25490189,-,-,1050,-,-,-,-,-,0.50491005,0.00841517,-,9.84251976,745.380188,178.6851044,43.7442894,-79.83221436,14,-,42,7.32482004,25.03462219,26.25392914,0,-,1.17647064,420,14.26711559,6.21371174,4.70588255,-,-,0.57341301,119.6949997,301.5610046
Fri May 25 19:24:29 EDT 2018,24:29.2,-79.83221624,43.74422039,3.0338385,3,227.2039114,178.4716,-2.47560453,-6.15788698,6.94438219,-0.00180894,-,-,-,10.58823586,-0.02047446,32.15686417,31.76470566,-,-,14.87989235,14.87361145,16.78342819,6.1666379,0.07576499,0.12857652,-,-,-,54.50980377,36.86274338,-,-,2012.5,-,-,-,-,-,2.17142653,0.03619044,-,9.84251976,745.4196777,178.4716034,43.74422073,-79.83221436,14,12.45720863,42,1.21657205,25.00283432,26.81010437,0,-,7.05882359,422,6.78650331,8.69919682,11.37254906,8.94143391,-,0.57815421,122.8960037,301.5610046
Fri May 25 19:24:32 EDT 2018,24:32.2,-79.8322056,43.74408712,6.398373,3,227.5179779,175.77963,-2.46483064,-6.96353579,8.4012537,0.02009797,-,-,-,18.8235302,0.04558406,41.17647171,40.7843132,-,-,14.70762539,14.80362797,16.69542694,6.21371174,0.50515103,0.13151769,-,-,-,64.70588684,53.33333206,-,-,2150,-,-,-,-,-,2.935395,0.04892325,-,9.84251976,746.4500732,175.7796326,43.74408722,-79.83220673,14,21.01929474,42,2.33985925,24.95871353,27.28960037,0,-,14.11764717,425,14.31275272,17.39839363,18.03921509,70.51184845,-,0.58737069,125.6949997,301.5610046
Fri May 25 19:24:35 EDT 2018,24:35.2,-79.83217786,43.74382995,10.118979,3,228.1506384,176.24072,-3.54461551,-6.88692141,6.65827513,0.00550293,-,-,-,20.3921566,0.08110905,41.17647171,40.7843132,-,-,14.70583153,14.66590595,16.83794212,6.38464689,0.41824615,0.13210927,-,-,-,72.15686035,59.60784149,-,-,1737.5,-,-,-,-,-,2.51505303,0.04191755,-,9.84251976,748.5256958,176.2407227,43.74383163,-79.83217621,14,29.98436928,42,4.20141697,24.8827877,27.85462379,0,-,16.07843208,428,22.6355114,26.09758949,20.7843132,102.187912,-,0.60518014,129.0410004,301.5610046
Fri May 25 19:24:38 EDT 2018,24:38.2,-79.83214446,43.74349382,12.82331,3,228.8209647,172.74292,-2.9053638,-6.79833555,6.50145483,0.02258533,-,-,-,17.25490189,-0.01155377,34.50980377,33.72549057,-,-,14.73992634,14.50978947,17.13800812,6.61577559,0.2109513,0.13155864,-,-,-,67.45098114,58.03921509,-,-,1387.5,-,-,-,-,-,1.77527773,0.02958796,-,9.84251976,750.7249756,172.7429199,43.74349213,-79.83214569,14,23.48070335,41,7.14262581,24.84651184,28.29923439,0,-,13.33333397,431,28.68492699,29.82581711,18.8235302,98.39752197,-,0.62844712,131.7109985,301.5610046
Fri May 25 19:24:41 EDT 2018,24:41.2,-79.8320733,43.74312664,13.371538,3,229.2104593,174.0016,-3.66552281,-7.41484261,5.49828434,0.02400748,-,-,-,4.70588255,0.01255512,0,0,-,-,0,29.39955139,17.50195503,6.8734951,0.01602951,0.1273016,-,-,-,20.7843132,16.47058868,-,-,1100,-,-,-,-,-,0,0,-,9.84251976,752.0028076,174.0016022,43.74312592,-79.83207703,14,14.47161293,40,217.6716766,24.84750938,28.75686646,0,-,1.17647064,434,29.91127777,28.58307457,4.70588255,80.03792572,-,0.65404683,134.4940033,301.5610046
Fri May 25 19:24:44 EDT 2018,24:44.2,-79.83203733,43.74280869,11.136485,3,229.4963997,176.11438,-4.23653984,-7.37414122,4.15513706,0.02363313,-,-,-,4.31372547,0.00296232,0,0,-,-,0,12.33987045,17.71187782,7.07200909,0,0.1227562,-,-,-,21.56862831,15.68627453,-,-,1087.5,-,-,-,-,-,0,0,-,9.84251976,752.940918,176.1143799,43.7428093,-79.83203888,14,-,40,217.6716766,24.86263847,29.31725693,0,-,0.78431374,437,24.91160774,18.64113617,4.70588255,-,-,0.67607552,137.951004,301.5610046
Fri May 25 19:24:47 EDT 2018,24:47.2,-79.83202406,43.7426256,5.657207,3,229.5660847,170.6877,-3.59369683,-6.95635319,5.67784929,0.00491107,-,-,-,4.70588255,0.00326052,0,0,-,-,12.49957561,12.75976849,17.62934494,7.11469984,0.00770121,0.12073942,-,-,-,21.96078491,16.47058868,-,-,1025,-,-,-,-,-,0.49171725,0.00819529,-,9.84251976,753.1695557,170.6876984,43.74262619,-79.83202362,14,-,40,5.37238932,24.8589077,29.75313187,0,-,1.17647064,440,12.65481091,4.97096968,4.70588255,-,-,0.68873477,140.6779938,301.5610046
Fri May 25 19:24:50 EDT 2018,24:50.2,-79.83200583,43.74256645,3.35128,2,229.5512048,150.35042,-3.91092849,-5.87058258,7.21253252,0.02290433,-,-,-,12.15686321,0.00095156,38.82352829,38.03921509,-,-,14.85970402,14.90770531,17.30197334,7.09197474,0.81700933,0.12062934,-,-,-,53.33333588,40,-,-,2025,-,-,-,-,-,2.2000823,0.03666804,-,6.56167984,753.1207886,150.3504181,43.74256516,-79.83200836,14,8.48268509,41,1.4408716,24.82720184,30.28065491,0,-,7.84313726,443,7.49659967,9.94193935,12.94117641,-,-,0.69293147,144.0240021,301.5610046
Fri May 25 19:24:53 EDT 2018,24:53.2,-79.83184794,43.74248832,5.71908,2,229.3113847,106.938126,-3.67749381,-7.68299341,5.12239456,0.01232466,-,-,-,4.31372547,-0.03563206,0,0,-,-,14.88572311,14.90366745,17.20882225,7.12505627,0.51825583,0.12182502,-,-,-,22.74509811,21.96078491,-,-,912.5,-,-,-,-,-,0.439834,0.00733057,-,6.56167984,752.3339233,106.9381256,43.74248886,-79.83184814,14,4.9938035,41,12.01224422,24.80378723,30.70136261,0,-,1.17647064,445,12.79321766,12.42742348,4.70588255,50.85078049,-,0.7027545,146.7290039,301.5610046
Fri May 25 19:24:56 EDT 2018,24:56.2,-79.83164163,43.74245834,4.2400045,3,229.2047875,90.90372,-3.69784451,-7.4292078,4.97754526,0.01360094,-,-,-,4.70588255,-0.00933155,0,0,-,-,14.83368492,14.95794964,17.00811005,7.14576864,0.07715497,0.12003434,-,-,-,22.74509811,17.25490189,-,-,1012.5,-,-,-,-,-,0.42344344,0.00705739,-,9.84251976,751.9841919,90.90371704,43.74245834,-79.83164215,14,-,41,7.48632717,24.8001709,31.13824844,0,-,1.17647064,449,9.48462009,4.97096968,4.70588255,-,-,0.71330053,149.5729981,301.5610046
Fri May 25 19:24:59 EDT 2018,24:59.2,-79.83155353,43.74245823,2.6280406,3,229.1750317,92.06439,-2.45166254,-6.3147068,7.10599041,0.01677863,-,-,-,7.05882359,0.00194886,23.52941132,24.31372643,-,-,14.7677393,14.70583153,16.69684601,7.11480665,0.09713917,0.11972068,-,-,-,55.29411697,25.88235283,-,-,1912.5,-,-,-,-,-,1.91541708,0.03192362,-,9.84251976,751.8865967,92.06439209,43.74245834,-79.8315506,14,10.78816128,42,1.10334051,24.77560425,31.63516998,0,-,3.13725495,451,5.87875938,7.45645428,10.58823586,-,-,0.71771067,152.852005,301.5610046
Fri May 25 19:25:02 EDT 2018,25:02.2,-79.83136571,43.7424627,6.386468,3,228.7907114,86.89613,-3.44884753,-6.56849241,5.88973618,0.00768765,-,-,-,11.37254906,-0.05408231,23.92156982,41.17647171,-,-,14.61386681,14.64975643,16.62907791,7.15107059,0.61903244,0.12081986,-,-,-,38.82352829,50.98039246,-,-,1850,-,-,-,-,-,1.47998643,0.02466644,-,9.84251976,750.6256714,86.89613342,43.74246216,-79.83136749,14,22.49404907,42,4.64086103,24.73694229,32.06292343,0,-,7.05882359,454,14.28612137,17.39839363,14.90196133,78.17726135,-,0.72711664,155.7129974,301.5610046
Fri May 25 19:25:05 EDT 2018,25:05.2,-79.8310334,43.74247951,8.899788,3,228.2681642,96.14388,-2.19787717,-7.79671764,4.99909306,0.02768931,-,-,-,7.45098066,-0.01374459,12.54901981,11.37254906,-,-,14.81170368,14.63584995,16.69513702,7.27592087,0.21769468,0.12022018,-,-,-,24.70588303,21.1764698,-,-,1450,-,-,-,-,-,0.65948397,0.0109914,-,9.84251976,748.9112549,96.14388275,43.74248123,-79.8310318,14,8.85884285,42,12.81824875,24.726017,32.47068024,0,-,3.52941179,457,19.90825653,21.12662125,7.45098066,74.46380615,-,0.74379957,158.473999,301.5610046
Fri May 25 19:25:08 EDT 2018,25:08.2,-79.83068302,43.74241211,10.061953,3,227.7240409,126.831055,-1.63284552,-8.11035824,5.20738888,0.03074285,-,-,-,6.66666698,0.01260223,11.76470566,10.98039246,-,-,14.80587101,14.83996487,16.8146801,7.42320395,0.04786151,0.11803077,-,-,-,26.27450943,18.03921509,-,-,1500,-,-,-,-,-,0.76359057,0.01272651,-,9.84251976,747.1261597,126.8310547,43.74241257,-79.83068085,14,7.10021305,42,12.45445919,24.72196388,32.92676163,0,-,2.74509811,460,22.50794792,22.36936378,7.45098066,45.9626236,-,0.76214826,161.602005,301.5610046
Fri May 25 19:25:11 EDT 2018,25:11.2,-79.83043086,43.74218838,11.306618,4,227.3078949,164.37236,-1.47961664,-8.36534119,5.33906984,0.03970313,-,-,-,4.31372547,0.00516729,2.74509811,1.96078432,-,-,14.7417202,14.91398621,16.97493935,7.58813572,0.03982457,0.11574141,-,-,-,23.52941132,14.90196037,-,-,1312.5,-,-,-,-,-,1.08863437,0.01814391,-,13.12335968,745.7608032,164.3723602,43.7421875,-79.83042908,14,9.23106194,42,9.70646095,24.71374702,33.33998489,0,-,1.17647064,463,25.29218292,24.85484695,5.09803915,53.47598267,-,0.78241563,165.0429993,301.5610046
Fri May 25 19:25:14 EDT 2018,25:14.2,-79.83044195,43.74186444,12.269548,3,227.0227568,201.68422,-0.84515321,-8.43237877,5.48391914,0.04796928,-,-,-,13.33333397,0.03472975,25.09803963,24.31372643,-,-,14.68968201,14.55779076,17.15524864,7.76204681,0.06109779,0.11454605,-,-,-,53.72549057,43.92156982,-,-,1725,-,-,-,-,-,1.77719712,0.02961995,-,9.84251976,744.8253174,201.6842194,43.74186325,-79.83044434,14,22.62329865,42,6.54033518,24.68566513,33.80306625,0,-,9.01960754,466,27.44619751,27.34033203,13.33333397,-,-,0.80508417,167.7330017,301.5610046
Fri May 25 19:25:17 EDT 2018,25:17.2,-79.83075917,43.74159161,13.600434,3,227.1632594,238.27992,-1.48919344,-8.03015232,6.49068069,0.04553242,-,-,-,18.4313736,0.03893339,40,39.60784531,-,-,14.67398071,14.45595646,17.40720749,7.96888399,0.12155392,0.11325446,-,-,-,75.29412079,55.68627548,-,-,2087.5,-,-,-,-,-,3.2062788,0.05343798,-,9.84251976,745.2862549,238.2799225,43.74159241,-79.83075714,14,30.89918709,40,4.11956787,24.63441467,34.25850296,0,-,14.11764717,469,30.42330551,32.31130219,20.3921566,43.65624619,-,0.8301025,170.9839935,301.5610046
Fri May 25 19:25:20 EDT 2018,25:20.2,-79.83129948,43.74144776,15.818705,3,227.8149472,256.63727,-2.53665662,-6.81629229,6.07648373,0.02434036,-,-,-,29.41176605,-0.00597142,49.41176605,49.01960754,-,-,14.74396324,14.579772,17.64172745,8.13795853,0.17494482,0.11301639,-,-,-,76.86274719,65.09803772,-,-,2087.5,-,-,-,-,-,3.35298014,0.055883,-,9.84251976,747.4243774,256.6372681,43.74144745,-79.83129883,14,28.58592796,39,4.5696187,24.58617973,34.65388107,0,-,24.70588303,472,35.3854332,37.28227234,29.41176605,95.28321838,-,0.85907423,173.8430023,301.5610046
Fri May 25 19:25:23 EDT 2018,25:23.2,-79.83195276,43.74136737,17.770275,4,228.3534999,261.64798,-1.88782799,-6.24527502,5.77601147,0.01502081,-,-,-,61.56863022,0.05006201,61.56863022,61.17647171,-,-,14.74575806,14.72781372,17.93834305,8.33673,0.16636641,0.11375467,-,-,-,86.66667175,76.07843018,-,-,3175,-,-,-,-,-,6.23694134,0.10394903,-,13.12335968,749.1912842,261.6479797,43.74136734,-79.83195496,14,53.39453125,39,2.79547262,24.50613022,35.04004669,0,-,55.29411697,475,39.75097275,43.49598312,49.80392075,88.14987183,-,0.89224845,176.6690064,301.5610046
Fri May 25 19:25:26 EDT 2018,25:26.2,-79.8326994,43.74136072,21.595337,4,228.4765763,272.23322,-3.13161588,-6.96592999,6.34942293,0.04537833,-,-,0,49.41176605,0.05195663,56.86274719,56.07843399,-,-,14.73588848,14.64392281,18.5151825,8.69919682,0.24911021,0.11450586,-,-,-,78.03921509,70.58823395,-,-,2762.5,-,-,-,-,-,4.82111979,0.08035199,-,13.12335968,749.5950928,272.2332153,43.74135971,-79.83270264,14,33.69509888,38,4.27395201,24.40575981,35.44207382,0,-,43.13725662,478,48.30739212,48.46695328,43.52941132,102.582222,-,0.92970109,179.6470032,301.5610046
Fri May 25 19:25:29 EDT 2018,25:29.2,-79.83353574,43.74143327,22.585178,4,228.3228686,280.1355,-2.78325939,-7.38611221,5.90410137,-0.00549511,-,-,0,10.98039246,-0.05768179,21.96078491,21.17647171,-,-,14.9256506,14.8498354,19.14317131,9.08999634,0.08639174,0.11206766,-,-,-,56.86274719,29.80392075,-,-,1750,-,-,-,-,-,2.06243157,0.03437386,-,13.12335968,749.0908203,280.1354981,43.74143219,-79.83353424,14,43.1844368,38,10.24692059,24.36172676,35.82470703,0,-,6.27450991,481,50.52160263,49.70969391,13.72549057,180.885788,-,0.97188276,182.5160065,301.5610046
Fri May 25 19:25:32 EDT 2018,25:32.2,-79.83435781,43.741589,22.974865,4,227.7547372,287.9454,-2.60848284,-7.67341661,5.73531008,-0.00006385,-,-,0,18.03921509,-0.00546097,36.86274719,36.07843018,-,-,14.64571762,14.45999432,19.74669266,9.47349072,0.06531227,0.11027067,-,-,-,69.80392456,54.90196228,-,-,1812.5,-,-,-,-,-,2.46524739,0.04108746,-,13.12335968,747.2268066,287.9454041,43.74158859,-79.83435822,14,21.22215843,38,8.78691196,24.32237816,36.25676727,0,-,13.72549057,483,51.39330673,50.95243835,18.4313736,-,-,1.01443195,185.7969971,301.5610046
Fri May 25 19:25:35 EDT 2018,25:35.2,-79.8351628,43.74182284,23.425276,3,227.208617,295.49625,-2.48159003,-7.57525396,5.47553921,-0.00563532,-,-,0,14.11764717,-0.00865121,27.45098114,27.05882454,-,-,14.80362797,14.79779625,20.15473175,9.73417473,0.20706052,0.10713337,-,-,-,65.88235474,47.84313583,-,-,1662.5,-,-,-,-,-,2.09547615,0.0349246,-,9.84251976,745.4351196,295.4962463,43.74182129,-79.8351593,14,18.6420269,37,10.58959866,24.298666,36.63978577,0,-,9.8039217,487,52.40084839,52.19517899,14.11764717,-,-,1.05787325,188.7429962,301.5610046
Fri May 25 19:25:38 EDT 2018,25:38.2,-79.83592576,43.74213778,23.745462,4,226.8147771,304.64252,-2.60130024,-7.43998194,5.6323595,0.015432,-,-,0,18.4313736,0.03191369,36.86274719,36.07843018,-,-,14.66769886,14.73992634,20.75926971,10.12491989,0.07242949,0.10460716,-,-,-,69.01960754,56.47058868,-,-,1762.5,-,-,-,-,-,2.38342643,0.03972377,-,13.12335968,744.1429443,304.6425171,43.74213791,-79.83592224,14,-,36,9.31023216,24.27223587,36.98897171,0,-,13.72549057,490,53.11708832,52.19517899,18.4313736,-,-,1.10184896,191.4600067,301.5610046
Fri May 25 19:25:41 EDT 2018,25:41.2,-79.83663668,43.74253677,24.266691,4,226.3105793,311.6334,-2.9125464,-7.02937603,5.77361727,-0.00319283,-,-,0,17.64705849,-0.02602575,36.07843018,35.29411697,-,-,14.63360596,14.61386681,21.35675621,10.51609325,0.06167544,0.10237218,-,-,-,70.58823395,56.47058868,-,-,1675,-,-,-,-,-,2.31023216,0.03850387,-,13.12335968,742.4887695,311.6333923,43.74253845,-79.8366394,14,18.04798126,36,9.8338995,24.22699738,37.43782043,0,-,13.33333397,492,54.28303909,53.43792343,17.64705849,77.30242157,-,1.14687288,194.996994,301.5610046
Fri May 25 19:25:44 EDT 2018,25:44.2,-79.83730153,43.74300144,24.923674,4,225.8716799,315.36285,-3.17351437,-7.10958195,5.35343504,-0.00074521,-,-,0,16.47058868,-0.01387645,37.64706039,36.86274719,-,-,14.64796257,14.08764935,21.76314735,10.78294849,0.10395215,0.10088236,-,-,-,60.39215851,55.68627548,-,-,1487.5,-,-,-,-,-,1.61987722,0.02699795,-,13.12335968,741.0488281,315.362854,43.74300003,-79.83730316,14,26.49041367,36,14.35104465,24.20751572,37.68502045,0.0951389,-,12.54901981,495,55.75266647,55.92340851,18.03921509,81.88722992,-,1.19310248,197.7290039,301.5610046
Fri May 25 19:25:47 EDT 2018,25:47.2,-79.83795521,43.74350013,25.634932,4,225.3881739,314.98407,-3.32434916,-7.11796188,5.88494778,0.03799457,-,-,0,20.7843132,0.05784316,39.2156868,38.82352829,-,-,14.70358849,14.73185062,22.37680435,11.18840218,0.0755188,0.09797246,-,-,-,71.76470947,61.96078491,-,-,1700,-,-,-,-,-,2.37783313,0.03963055,-,13.12335968,739.4625244,314.9840698,43.74349976,-79.83795166,14,22.34498215,36,9.99871254,24.18622208,37.46590042,0.67603892,-,16.07843208,499,57.34370804,57.16614914,21.56862831,-,-,1.24059975,200.6490021,301.5610046
Fri May 25 19:25:50 EDT 2018,25:50.2,-79.83864355,43.74401085,26.718912,4,224.8785667,314.9395,-3.79840088,-6.40808105,5.76763201,0.04737763,-,-,0,15.68627453,0.04752262,31.37254906,30.58823586,-,-,14.64571762,14.37565613,23.00535393,11.60507488,0.08481745,0.09575938,-,-,-,62.35294342,54.90196228,-,-,1612.5,-,-,-,-,-,1.9285326,0.03214221,-,13.12335968,737.7905884,314.9395142,43.74401093,-79.83864594,14,24.49860382,35,13.15004444,24.15307426,37.2220459,1.32250535,-,11.37254906,501,59.76850128,59.65163422,16.07843208,110.2118683,-,1.28990054,203.9389954,301.5610046
Fri May 25 19:25:53 EDT 2018,25:53.2,-79.83935958,43.74453919,27.716026,4,224.3959928,315.391,-3.7325604,-7.10239935,5.32470465,-0.0503701,-,-,28.09000015,16.47058868,-0.07341201,37.64706039,36.86274719,-,-,14.66366291,14.66186714,23.43869972,11.89220142,0.05407142,0.09414823,-,-,-,70.58823395,57.25490189,-,-,1662.5,-,-,-,-,-,2.24142313,0.03735705,-,13.12335968,736.2073364,315.3909912,43.74453735,-79.8393631,14,23.02925301,35,11.55008507,24.13825226,37.02013016,1.85779464,-,12.54901981,505,61.99898529,60.89437866,15.68627453,-,-,1.34104168,206.6959992,301.5610046
Fri May 25 19:25:56 EDT 2018,25:56.2,-79.84007892,43.74508496,27.699081,4,224.1055598,315.58746,-3.43089104,-7.19098473,5.84783745,0.00359175,-,-,28.09000015,10.98039246,-0.08337256,21.96078491,21.17647171,-,-,14.81394672,14.58964252,23.87636757,12.18324852,0.24496858,0.09074941,-,-,-,60,32.94117737,-,-,1625,-,-,-,-,-,1.77963328,0.02966055,-,13.12335968,735.2544556,315.5874634,43.74508667,-79.84008026,14,27.98700333,35,14.54717064,24.1408596,36.80397034,2.43084216,-,6.27450991,507,61.96107864,60.89437866,10.1960783,120.7809753,-,1.39315665,209.6809998,301.5610046
Fri May 25 19:25:59 EDT 2018,25:59.2,-79.84078792,43.74562654,27.276142,4,224.4557402,315.7736,-3.40216064,-6.91206026,5.63355637,-0.01736155,-,-,28.09000015,15.29411793,-0.08066364,34.50980377,33.72549057,-,-,14.78388977,14.579772,24.5037899,12.60805511,0.03645757,0.08862759,-,-,-,68.62744904,54.11764526,-,-,1612.5,-,-,-,-,-,2.01728463,0.03362141,-,13.12335968,736.4033203,315.7735901,43.74562836,-79.84078979,14,-,35,12.83340359,24.12543869,36.5903244,2.99723649,-,10.58823586,510,61.01498795,59.65163422,14.90196133,-,-,1.44470537,212.6660004,301.5610046
Fri May 25 19:26:02 EDT 2018,26:02.2,-79.84148799,43.74615574,26.594473,3,224.9294783,315.82944,-3.77685308,-7.04134703,5.24330187,-0.0067839,-,-,28.09000015,5.09803915,-0.12235472,0,0,-,-,14.95794964,29.39955139,24.89650345,12.87998295,0.02048329,0.08647817,-,-,-,16.07843208,14.11764717,-,-,1512.5,-,-,-,-,-,0,0,-,9.84251976,737.9575806,315.8294373,43.74615479,-79.8414917,14,-,35,217.6716766,24.1175518,36.38040543,3.55373621,-,0.78431374,513,59.49013901,58.40889359,5.49019623,-,-,1.49533129,215.6329956,301.5610046
Fri May 25 19:26:05 EDT 2018,26:05.2,-79.84215164,43.7466612,25.072905,3,225.1595921,316.15683,-3.69545031,-7.15028334,5.59644651,-0.01279572,-,-,28.09000015,4.70588255,-0.03888186,0,0,-,-,0,13.223629,25.24620819,13.13092995,0,0.08551165,-,-,-,16.86274529,12.54901981,-,-,1437.5,-,-,-,-,-,0,0,-,9.84251976,738.7125855,316.1568298,43.74666214,-79.84215546,14,-,36,217.6716766,24.14085388,36.25690842,4.03409815,-,0.78431374,515,56.08648682,54.68066406,4.70588255,-,-,1.54351437,218.723999,301.5610046
Fri May 25 19:26:08 EDT 2018,26:08.2,-79.84278461,43.74714553,24.448723,3,225.1403714,315.50998,-3.48835182,-6.66066933,6.33745193,0.01156557,-,-,28.09000015,10.98039246,-0.02573242,18.4313736,17.64705849,-,-,12.49957561,14.23793316,25.71936417,13.48251534,0.05988944,0.08177552,-,-,-,61.56863022,40.7843132,-,-,1437.5,-,-,-,-,-,2.05039191,0.0341732,-,9.84251976,738.6494751,315.5099793,43.74714661,-79.84278107,14,-,36,11.08012199,24.14206696,36.60794449,4.01188183,-,7.45098066,519,54.69023132,53.43792343,9.01960754,-,-,1.58957839,221.6049957,301.5610046
Fri May 25 19:26:11 EDT 2018,26:11.2,-79.84342667,43.74762193,24.775213,3,225.2210783,314.78885,-3.31118107,-6.94557905,6.43321991,0.00674508,-,-,28.09000015,19.2156868,0.00125272,41.5686264,41.17647171,-,-,14.75787067,14.75562763,26.18398476,13.83165264,0.05983051,0.08066899,-,-,-,76.86274719,61.96078491,-,-,1775,-,-,-,-,-,2.68509436,0.04475157,-,9.84251976,738.9143066,314.7888489,43.74762344,-79.84342957,14,25.72740364,35,8.65777111,24.10251427,37.00459671,3.98677921,-,14.90196133,522,55.42057037,54.68066406,24.31372643,126.3438339,-,1.6355629,224.8990021,301.5610046
Fri May 25 19:26:14 EDT 2018,26:14.2,-79.84408495,43.74810708,25.55603,3,225.3357225,315.87085,-3.18189406,-7.04733276,5.70298862,0.00751821,-,-,28.09000015,25.88235283,-0.00337956,45.88235474,44.70588303,-,-,14.65962601,14.73185062,26.49868774,14.06812286,0.06706241,0.08017778,-,-,-,70.98039246,62.74509811,-,-,1987.5,-,-,-,-,-,2.96186018,0.04936434,-,9.84251976,739.2904053,315.8708496,43.74810791,-79.84408569,14,24.42914581,34,8.02714157,24.0649395,36.95837784,4.34563255,-,21.17647171,524,57.16721344,57.16614914,23.13725471,70.84901428,-,1.68254554,227.7030029,301.5610046
Fri May 25 19:26:17 EDT 2018,26:17.2,-79.84475397,43.74861585,26.305193,3,225.3889078,316.14566,-3.23696065,-6.70256758,5.803545,-0.02558557,-,-,28.09000015,18.4313736,-0.01587028,38.82352829,38.03921509,-,-,14.73185062,14.72781372,26.98433685,14.43173504,0.085972,0.07930204,-,-,-,65.88235474,58.03921509,-,-,1562.5,-,-,-,-,-,1.99634218,0.03327237,-,9.84251976,739.4649048,316.1456604,43.74861526,-79.84475708,14,23.65794182,34,12.43872452,24.03621674,36.76422119,4.84814072,-,14.11764717,528,58.84304047,58.40889359,18.4313736,-,-,1.73107243,230.4980011,301.5610046
Fri May 25 19:26:20 EDT 2018,26:20.2,-79.8454439,43.74912987,26.454866,3,225.329548,316.26926,-3.20344186,-6.83784008,5.30435371,-0.01845992,-,-,28.09000015,6.66666698,-0.00212429,12.94117641,12.54901981,-,-,14.69999981,14.57797813,27.46779251,14.7961874,0.03920989,0.07760064,-,-,-,48.62745285,16.47058868,-,-,1562.5,-,-,-,-,-,1.43484902,0.02391415,-,9.84251976,739.2701416,316.2692566,43.74913025,-79.84544373,14,-,34,17.30631638,24.03298569,36.52531433,5.46647263,-,1.96078432,531,59.17784882,58.40889359,9.4117651,-,-,1.78058708,233.9779968,301.5610046
Fri May 25 19:26:23 EDT 2018,26:23.2,-79.84612866,43.74964333,26.41144,3,225.1863748,316.5305,-3.47757792,-7.21851826,5.46715975,0.01971127,-,-,28.09000015,9.8039217,0.05900355,18.8235302,18.4313736,-,-,14.69999981,14.36758137,27.78191566,15.03581715,0.02395292,0.07656489,-,-,-,53.33333588,25.88235283,-,-,1562.5,-,-,-,-,-,1.53532791,0.0255888,-,9.84251976,738.800415,316.5304871,43.74964142,-79.84613037,14,-,34,16.17370987,24.02884674,36.33216095,5.96638727,-,5.09803915,533,59.08070755,58.40889359,11.76470566,-,-,1.82989299,236.824997,301.5610046
Fri May 25 19:26:26 EDT 2018,26:26.2,-79.84681237,43.75015115,25.954025,3,225.1259296,316.0873,-3.76129079,-7.36695862,5.27083492,0.0200094,-,-,28.09000015,5.09803915,-0.04049295,0,0,-,-,14.92161274,29.39955139,28.08972549,15.27282906,0.02879282,0.07470196,-,-,-,15.68627453,15.68627453,-,-,1475,-,-,-,-,-,0,0,-,9.84251976,738.6021118,316.0873108,43.75015259,-79.84680939,14,-,34,217.6716766,24.0310955,36.14411163,6.45309114,-,0.78431374,537,58.05749893,57.16614914,6.27450991,-,-,1.87888324,239.6260071,301.5610046
Fri May 25 19:26:29 EDT 2018,26:29.2,-79.84746655,43.75063644,24.431465,3,225.4886726,315.79294,-3.75171399,-7.15626907,5.86339998,0.01688005,-,-,28.09000015,9.8039217,0.0342226,19.6078434,19.2156868,-,-,14.69999981,11.91189861,28.49079323,15.59658527,0,0.07294229,-,-,-,28.62745094,27.45098114,-,-,1425,-,-,-,-,-,0.55422127,0.00923702,-,9.84251976,739.7922363,315.7929382,43.75063705,-79.84746552,14,-,35,41.94521332,24.04863167,36.23315811,6.67127371,-,5.88235283,540,54.65162659,53.43792343,12.15686321,-,-,1.92572725,242.5379944,301.5610046
Fri May 25 19:26:32 EDT 2018,26:32.2,-79.84809487,43.75108869,23.534136,3,225.9421396,315.8882,-3.70383,-7.69855547,5.9292407,0.01279378,-,-,28.09000015,13.72549057,-0.0452566,25.88235283,25.49019623,-,-,14.81574059,14.8238163,28.84374809,15.8950758,0.03793545,0.07167363,-,-,-,74.50980377,53.33333206,-,-,1400,-,-,-,-,-,1.87457323,0.03124289,-,9.84251976,741.2799683,315.8882141,43.75108719,-79.84809113,14,-,35,11.83749485,24.0399437,36.63958359,6.62875366,-,10.1960783,542,52.64435959,52.19517899,13.33333397,-,-,1.97004259,246.0279999,301.5610046
Fri May 25 19:26:35 EDT 2018,26:35.2,-79.84870211,43.75152962,22.537779,3,226.2644284,315.88654,-3.7241807,-6.88093567,5.55215359,-0.01434514,-,-,28.09000015,4.31372547,-0.05024078,0,0,-,-,14.69999981,29.39955139,29.0573597,16.08254814,0.04563856,0.0710562,-,-,-,16.47058868,13.33333302,-,-,1275,-,-,-,-,-,0,0,-,9.84251976,742.3374023,315.8865356,43.75152969,-79.84870148,14,-,34,217.6716766,24.05753517,36.96307373,6.59491014,-,1.17647064,545,50.41557312,48.46695328,4.70588255,-,-,2.01305604,248.8379974,301.5610046
Fri May 25 19:26:38 EDT 2018,26:38.2,-79.84925108,43.75193288,19.67249,3,226.4709558,315.89102,-3.61883593,-7.31787729,5.6563015,0.0067499,-,-,28.09000015,4.70588255,-0.00328771,0,0,-,-,0,29.39955139,29.20741844,16.23497391,0,0.0695776,-,-,-,20.3921566,14.90196037,-,-,1112.5,-,-,-,-,-,0,0,-,9.84251976,743.0149536,315.8910217,43.75193405,-79.84925079,14,-,35,217.6716766,24.07585335,37.32089615,6.55747461,-,1.17647064,548,44.00610352,42.25324249,4.70588255,-,-,2.05217028,251.9799957,301.5610046
Fri May 25 19:26:41 EDT 2018,26:41.2,-79.84974235,43.75230031,18.678015,3,226.6741478,316.08792,-3.40934324,-7.22809505,5.94240856,0.0075206,-,-,28.09000015,10.1960783,0.00607523,19.6078434,18.8235302,-,-,12.49957561,13.72965908,29.31929588,16.36606216,0,0.06831595,-,-,-,72.94117737,40.7843132,-,-,1575,-,-,-,-,-,2.50913596,0.04181893,-,9.84251976,743.6815796,316.0879211,43.75230026,-79.84973907,14,-,35,6.94868612,24.06891632,37.64958954,6.52308702,-,6.66666698,551,41.78152847,41.01049805,10.58823586,-,-,2.08749652,254.897995,301.5610046
Fri May 25 19:26:44 EDT 2018,26:44.2,-79.85023413,43.7526608,18.895409,3,226.8846748,314.2406,-3.99472547,-7.63870049,5.67306089,0.06309372,-,-,28.09000015,4.70588255,0.05679094,0,0,-,-,14.96781921,22.9718914,29.43490791,16.4990406,0.10119861,0.06802487,-,-,-,18.8235302,20.3921566,-,-,1187.5,-,-,-,-,-,0,0,-,9.84251976,744.3723145,314.2406006,43.75266266,-79.85023499,14,-,34,217.6716766,24.05096817,37.96198654,6.49040413,-,0.78431374,554,42.26782227,41.01049805,7.05882359,-,-,2.12250042,257.7000122,301.5610046
Fri May 25 19:26:47 EDT 2018,26:47.2,-79.8507264,43.75299593,17.495367,3,227.1070854,314.21628,-3.20463896,-7.07965422,5.21696568,0.0091043,-,-,-,4.31372547,0.01724333,0,0,-,-,0,29.39955139,29.57266617,16.67805672,0,0.06676808,-,-,-,19.6078434,15.68627453,-,-,1137.5,-,-,-,-,-,0,0,-,9.84251976,745.1019898,314.2162781,43.75299454,-79.85072327,14,-,34,217.6716766,24.06711769,38.27599335,6.45755291,-,1.17647064,557,39.13602066,38.52501297,4.70588255,-,-,2.15630221,260.5450134,301.5610046
Fri May 25 19:26:50 EDT 2018,26:50.2,-79.85115539,43.75330394,14.371022,4,227.3649254,316.4452,-4.06655169,-7.43279934,4.08690214,0.04686007,-,-,-,4.31372547,-0.00039856,0,0,-,-,0,29.39955139,29.65557861,16.82531548,0,0.0657913,-,-,-,15.68627453,15.68627453,-,-,1512.5,-,-,-,-,-,0,0,-,13.12335968,745.947937,316.4451904,43.75330353,-79.85115814,14,-,35,217.6716766,24.08636856,38.64016724,6.41945314,-,1.17647064,560,32.14706039,28.58307457,4.70588255,-,-,2.18652225,263.881012,301.5610046
Fri May 25 19:26:53 EDT 2018,26:53.2,-79.8514489,43.75353237,9.20615,3,227.6395709,310.27814,-6.20816517,-5.23731613,5.98191309,0.04816277,-,-,-,4.70588255,0.02726195,0,0,-,-,0,14.46582699,29.60651016,16.8635025,0,0.06526366,-,-,-,19.2156868,12.54901981,-,-,1062.5,-,-,-,-,-,0.42848599,0.00714143,-,9.84251976,746.848999,310.2781372,43.75353241,-79.85144806,14,-,35,19.72860146,24.09355354,38.9528389,6.38674116,-,1.17647064,563,20.59357071,18.64113617,5.09803915,-,-,2.20807385,266.7770081,301.5610046
Fri May 25 19:26:56 EDT 2018,26:56.2,-79.85173725,43.75358457,8.39032,3,227.8536785,241.32166,-4.59686708,-5.61799431,6.54095888,0.03803049,-,-,-,4.31372547,0.0370862,0,0,-,-,12.49957561,12.9836235,29.44855499,16.87078476,0.05358782,0.06475542,-,-,-,29.01960754,15.68627453,-,-,1187.5,-,-,-,-,-,0.82066166,0.01367769,-,9.84251976,747.5514526,241.3216553,43.75358582,-79.85173798,14,-,35,9.01315498,24.09167099,39.25458145,6.35517311,-,0.78431374,566,18.76861,17.39839363,4.31372547,-,-,2.22353435,269.6000061,301.5610046
Fri May 25 19:26:59 EDT 2018,26:59.2,-79.85194971,43.75340749,10.077878,3,227.875181,214.96071,-2.82156682,-6.65468359,6.14591599,0.00351789,-,-,-,16.07843208,-0.02931646,34.50980377,34.11764908,-,-,14.79779625,15.01357746,29.3112011,16.88741875,0.15533628,0.06511093,-,-,-,66.27451324,48.62745285,-,-,1987.5,-,-,-,-,-,2.63875055,0.04397917,-,9.84251976,747.6220093,214.9607086,43.75340652,-79.8519516,14,25.1747818,35,3.60401964,24.03521919,39.60869598,6.31812572,-,10.98039246,569,22.54357147,23.61210442,16.07843208,27.73238182,-,2.24010181,272.9490051,301.5610046
Fri May 25 19:27:02 EDT 2018,27:02.2,-79.85220998,43.75315036,13.0453,3,227.5026593,217.66377,-3.27407074,-6.71334171,6.52898788,0.02271727,-,-,-,16.86274529,-0.00513494,36.07843018,35.29411697,-,-,14.69999981,14.68385029,29.28313446,16.93393326,0.25583762,0.06557105,-,-,-,65.88235474,50.98039246,-,-,1925,-,-,-,-,-,2.56265974,0.042711,-,9.84251976,746.3997803,217.6637726,43.75315094,-79.852211,14,32.45092392,34,4.74187231,23.98722076,39.91534805,6.28604364,-,12.15686321,571,29.1815033,29.82581711,16.86274529,60.70978165,-,2.26212716,275.881012,301.5610046
Fri May 25 19:27:05 EDT 2018,27:05.2,-79.85253056,43.752847,14.822484,3,227.4862143,218.19379,-3.31836367,-6.65348673,5.7891798,-0.01320009,-,-,-,14.11764717,-0.0391717,28.23529434,27.84313774,-,-,14.73992634,14.51786423,29.29859352,17.00496292,0.18457937,0.06586987,-,-,-,66.27451324,49.41176605,-,-,1575,-,-,-,-,-,2.00121069,0.03335351,-,9.84251976,746.3458862,218.1937866,43.75284576,-79.85253143,14,11.89761066,33,6.86425591,23.95777702,40.21086502,6.25512695,-,9.8039217,575,33.1569519,33.55404282,14.50980377,97.96437073,-,2.28851151,278.7349854,301.5610046
Fri May 25 19:27:08 EDT 2018,27:08.2,-79.85288396,43.75251044,15.748456,3,227.4518682,217.51987,-3.98754287,-6.79354715,5.9555769,0.02360183,-,-,-,7.45098066,-0.02257986,11.76470566,10.98039246,-,-,14.8498354,14.80183315,29.36377144,17.13496971,0.06032621,0.06578205,-,-,-,41.96078491,32.15686417,-,-,1150,-,-,-,-,-,0.90627885,0.01510465,-,9.84251976,746.2331543,217.5198669,43.75251007,-79.85288239,14,12.70401573,32,16.32334518,23.94008255,40.54193115,6.22049093,-,3.92156863,578,35.22829056,34.79678726,7.45098066,78.66278076,-,2.31771445,281.9660034,301.5610046
Fri May 25 19:27:11 EDT 2018,27:11.2,-79.85323184,43.75216148,15.976468,4,227.4074598,217.07101,-3.59609103,-8.08162785,6.26921701,0.12419266,-,-,-,5.88235283,-0.02256276,7.45098066,6.27450991,-,-,14.81394672,15.11989689,29.40981483,17.22262001,0.04160346,0.06544557,-,-,-,42.35294342,28.23529434,-,-,1150,-,-,-,-,-,0.90557724,0.01509295,-,13.12335968,746.0874634,217.0710144,43.75216293,-79.85323334,14,-,33,16.33599091,23.93726349,40.83415604,6.18991852,-,2.74509811,580,35.73834229,34.79678726,5.88235283,78.66278076,-,2.34743977,284.8479919,301.5610046
Fri May 25 19:27:14 EDT 2018,27:14.2,-79.85361534,43.75181482,16.453884,4,227.0464217,220.20502,-3.86903,-6.6331358,5.76404047,-0.06375041,-,-,-,6.66666698,-0.0927344,14.50980377,13.72549057,-,-,14.58156681,14.60175514,29.46552658,17.31554413,0.03996076,0.06494096,-,-,-,40.39215851,36.86274338,-,-,1150,-,-,-,-,-,0.99722248,0.01662038,-,13.12335968,744.9029541,220.2050171,43.7518158,-79.85361481,14,13.27043629,33,15.89432716,23.92887115,41.08653259,6.16351461,-,3.13725495,583,36.80628967,37.28227234,7.45098066,77.93445587,-,2.37812757,287.3599854,301.5610046
Fri May 25 19:27:17 EDT 2018,27:17.2,-79.85402074,43.7514496,17.946424,3,226.3787329,218.56384,-3.64756632,-6.58405447,6.49307489,0.03833556,-,-,-,12.15686321,0.07075114,19.2156868,18.4313736,-,-,14.60758591,14.37565613,29.56798744,17.46540451,0.07507814,0.06449122,-,-,-,70.19608307,47.84313583,-,-,1412.5,-,-,-,-,-,1.82532537,0.03042209,-,9.84251976,742.7124023,218.5638428,43.75144958,-79.85401917,14,16.98120499,33,9.2623806,23.91692924,41.42451859,6.12815475,-,8.62745094,586,40.14500427,39.76775742,10.1960783,88.45941162,-,2.4104929,290.7579956,301.5610046
Fri May 25 19:27:20 EDT 2018,27:20.2,-79.85445191,43.7510456,19.663553,3,226.0104404,218.07343,-3.35906506,-6.35540819,5.42047262,0.05363351,-,-,0,14.90196133,0.01600454,29.01960754,28.23529434,-,-,14.70583153,14.59188557,29.71886063,17.64331436,0.10197007,0.06424311,-,-,-,58.8235321,55.68627548,-,-,1337.5,-,-,-,-,-,1.48292494,0.02471541,-,9.84251976,741.5040894,218.0734253,43.75104523,-79.85445404,14,34.50354004,33,12.11358547,23.896101,41.69620132,6.09973145,-,10.98039246,589,43.9861145,42.25324249,14.50980377,161.1090393,-,2.44575715,293.5180054,301.5610046
Fri May 25 19:27:23 EDT 2018,27:23.2,-79.85489674,43.75064266,17.944193,4,226.0093113,219.7248,-4.30956316,-6.91206026,5.37857389,-0.05361418,-,-,-,4.31372547,-0.14099894,0,0,-,-,0,29.39955139,29.85600662,17.81264114,0.02825749,0.06352508,-,-,-,20.7843132,16.47058868,-,-,1100,-,-,-,-,-,0,0,-,13.12335968,741.5003662,219.7247925,43.75064087,-79.85489655,14,-,33,217.6716766,23.90000153,42.00214767,6.06772327,-,1.17647064,592,40.14001465,38.52501297,4.70588255,-,-,2.48138833,296.6570129,301.5610046
Fri May 25 19:27:26 EDT 2018,27:26.2,-79.85529729,43.75028392,16.473572,3,226.284839,218.1831,-4.57172823,-7.41005421,4.98233366,-0.00209408,-,-,-,4.70588255,-0.04948682,0,0,-,-,12.49957561,27.93574142,29.91565323,17.94972992,0,0.06286871,-,-,-,20.3921566,22.74509811,-,-,1212.5,-,-,-,-,-,0,0,-,9.84251976,742.4042969,218.1831055,43.75028229,-79.8553009,14,-,33,217.6716766,23.90944099,42.29098129,6.03750563,-,0.78431374,595,36.85033035,36.03952789,9.01960754,-,-,2.51325226,299.651001,301.5610046
Fri May 25 19:27:29 EDT 2018,27:29.2,-79.85563121,43.74995528,13.065405,3,227.1517679,215.44153,-2.80720139,-7.08085155,5.20260048,0.01746383,-,-,-,4.31372547,-0.01971412,0,0,-,-,0,29.39955139,29.94417381,18.05231285,0.02980261,0.0621269,-,-,-,20.3921566,15.68627453,-,-,1137.5,-,-,-,-,-,0,0,-,9.84251976,745.2485962,215.4415283,43.74995422,-79.85562897,14,-,33,217.6716766,23.92243385,42.60308075,6.00485373,-,1.17647064,598,29.22647858,29.82581711,4.70588255,-,-,2.5414381,302.9200134,301.5610046
Fri May 25 19:27:32 EDT 2018,27:32.2,-79.85594315,43.74966196,13.649619,4,227.6017613,217.66876,-3.60806203,-6.9132576,5.84783745,0.0202897,-,-,-,4.70588255,-0.08206183,1.17647064,0.78431374,-,-,12.49957561,12.42779732,29.94324112,18.10811043,0,0.06171035,-,-,-,21.96078491,14.90196037,-,-,1200,-,-,-,-,-,0.55947822,0.00932464,-,13.12335968,746.7249146,217.6687622,43.74966049,-79.85594177,14,-,34,22.66423035,23.92547417,42.87694931,5.97620201,-,1.17647064,601,30.5333271,28.58307457,4.31372547,-,-,2.56701207,305.8179932,301.5610046
Fri May 25 19:27:35 EDT 2018,27:35.2,-79.85624707,43.74938083,12.608298,4,227.913597,218.59927,-3.76248789,-6.60081387,4.43406153,-0.02200961,-,-,-,4.70588255,0.01608479,1.96078432,1.17647064,-,-,14.89783669,13.99388981,29.92736435,18.18205261,0.03123792,0.06115921,-,-,-,21.96078491,15.68627453,-,-,1187.5,-,-,-,-,-,0,0,-,13.12335968,747.7479858,218.5992737,43.74938202,-79.85624695,14,-,34,217.6716766,23.92830658,43.12575531,5.95017195,-,1.17647064,604,28.20396042,27.34033203,4.70588255,-,-,2.59167171,308.4750061,301.5610046
Fri May 25 19:27:38 EDT 2018,27:38.2,-79.85653578,43.74911672,12.336468,4,228.0762491,216.7995,-3.29442143,-6.66904879,4.53102684,-0.02881838,-,-,-,4.31372547,0.07651789,0,0,-,-,14.87361145,14.79196453,29.89751244,18.24624634,0.01835548,0.06086452,-,-,-,21.17647171,16.47058868,-,-,1050,-,-,-,-,-,0.41270304,0.00687838,-,13.12335968,748.2816773,216.7994995,43.74911499,-79.85653687,14,-,34,28.16423416,23.93040848,43.43850327,5.91745186,-,1.17647064,607,27.59589005,27.34033203,4.31372547,-,-,2.61493731,311.8479919,301.5610046
Fri May 25 19:27:41 EDT 2018,27:41.2,-79.85680251,43.7488424,12.67913,3,227.9992437,215.61244,-2.57975245,-7.37892962,3.97198057,-0.02908862,-,-,-,4.31372547,-0.22904858,0,0,-,-,14.82964706,14.8538723,29.87799263,18.2885437,0.0216109,0.06046588,-,-,-,17.64705849,15.68627453,-,-,1250,-,-,-,-,-,0.41180092,0.00686335,-,9.84251976,748.0289917,215.612442,43.74884415,-79.85680389,14,11.00321102,34,28.22593307,23.93060303,43.71123505,5.88891888,-,1.17647064,609,28.36240578,28.58307457,4.31372547,-,-,2.63810968,314.8200073,301.5610046
Fri May 25 19:27:44 EDT 2018,27:44.2,-79.85708344,43.74855361,13.450754,3,227.7624066,213.79883,-3.89057779,-7.31069469,6.23090982,0.04483382,-,-,-,7.05882359,0.05646976,8.23529434,7.05882359,-,-,14.79959106,14.47569656,29.86818314,18.33620453,0.03025675,0.06007085,-,-,-,20,16.47058868,-,-,2062.5,-,-,-,-,-,0.84707355,0.01411789,-,9.84251976,747.2520142,213.7988281,43.74855423,-79.85708618,13,12.27636242,34,14.3456316,23.92800331,43.97637177,5.86118031,-,1.96078432,613,30.08848,29.82581711,6.66666698,-,-,2.6625073,317.7369995,301.5610046
Fri May 25 19:27:47 EDT 2018,27:47.2,-79.85737074,43.74824354,13.687191,3,227.6925358,216.21355,-3.68826771,-6.4739213,7.62912369,0.04452544,-,-,-,8.23529434,0.02500844,15.29411793,14.90196133,-,-,14.85791016,14.75787067,29.86786461,18.38915253,0.06010374,0.05972431,-,-,-,64.70588684,21.96078491,-,-,1750,-,-,-,-,-,2.16885376,0.03614756,-,9.84251976,747.0227661,216.2135468,43.74824524,-79.85736847,13,11.55418205,34,5.84647274,23.91200447,44.26849365,5.83061838,-,3.52941179,615,30.61737442,31.06855965,10.98039246,-,-,2.68829584,320.9830017,301.5610046
Fri May 25 19:27:50 EDT 2018,27:50.2,-79.85767953,43.74793823,14.17691,3,228.2988796,216.59,-3.68347931,-6.80312395,6.08725786,0.02890618,-,-,-,13.33333397,0.02312678,25.88235283,25.49019623,-,-,14.82964706,14.72557068,29.87682533,18.44731331,0.23278213,0.05988725,-,-,-,69.41176605,54.11764526,-,-,1387.5,-,-,-,-,-,1.81246746,0.03020779,-,9.84251976,749.012085,216.5899963,43.74794006,-79.85768127,14,11.55418205,33,7.28757048,23.88313675,44.51839828,5.80447388,-,9.8039217,618,31.71284485,31.06855965,13.72549057,-,-,2.71443272,323.7869873,301.5610046
Fri May 25 19:27:53 EDT 2018,27:53.2,-79.85799255,43.74763661,14.021976,3,228.9068611,216.85431,-4.49631071,-9.61750793,5.37258863,0.03427336,-,-,-,4.70588255,-0.10411085,0,0,-,-,14.93776226,14.61790466,29.88543129,18.53073311,0.04571225,0.0597949,-,-,-,18.8235302,25.88235283,-,-,1262.5,-,-,-,-,-,0,0,-,9.84251976,751.0067749,216.8543091,43.74763489,-79.85799408,14,-,32,217.6716766,23.87247849,44.7590332,5.77929831,-,1.17647064,622,31.36626816,29.82581711,4.70588255,-,-,2.74049306,327.0369873,301.5610046
Fri May 25 19:27:56 EDT 2018,27:56.2,-79.85829734,43.74735493,12.160785,3,229.6602903,218.08478,-4.1706996,-7.36097336,6.51342583,0.03289773,-,-,-,4.31372547,0.0134292,0,0,-,-,0,13.89564514,29.86663628,18.59614944,0,0.05923867,-,-,-,24.70588303,14.90196037,-,-,1137.5,-,-,-,-,-,0.29350305,0.00489172,-,9.84251976,753.4786377,218.0847778,43.74735641,-79.85829926,14,-,33,37.80242157,23.8864994,45.06273651,5.74752522,-,1.17647064,624,27.20289993,26.09758949,4.31372547,-,-,2.76521635,329.9830017,301.5610046
Fri May 25 19:27:59 EDT 2018,27:59.2,-79.85857776,43.74710583,12.347374,3,230.192507,219.58817,-2.96043038,-5.7891798,5.86579418,-0.08538053,-,-,-,18.4313736,-0.06957106,35.68627548,35.29411697,-,-,14.80362797,14.62777328,29.83932495,18.62994003,0.02686803,0.05905158,-,-,-,73.72549438,60.39215851,-,-,1675,-,-,-,-,-,2.53329062,0.04222151,-,9.84251976,755.2247315,219.5881653,43.74710464,-79.85858154,14,-,33,4.37972879,23.86072159,45.29885864,5.72282219,-,14.50980377,627,27.62028885,27.34033203,18.03921509,-,-,2.78741455,332.7090149,301.5610046
Fri May 25 19:28:02 EDT 2018,28:02.2,-79.85888845,43.7468303,14.200401,3,230.0920232,218.54623,-3.48116922,-7.03416443,6.56968927,-0.03606906,-,-,-,17.64705849,-0.08338045,33.33333206,32.15686417,-,-,14.77760887,14.73992634,29.8391819,18.70508003,0.16903295,0.05950831,-,-,-,69.41176605,57.25490189,-,-,1375,-,-,-,-,-,1.89679635,0.03161327,-,9.84251976,754.8950806,218.5462341,43.74682999,-79.85888672,14,22.05198097,32,6.96357536,23.81394386,45.53911209,5.69768667,-,14.11764717,630,31.7653923,31.06855965,14.50980377,100.497139,-,2.8119936,335.5069885,301.5610046
Fri May 25 19:28:05 EDT 2018,28:05.2,-79.85922914,43.74651942,15.290432,3,229.9631259,218.92114,-3.54341841,-6.94198799,6.65947199,-0.00108586,-,-,-,16.47058868,0.04537362,33.33333206,32.94117737,-,-,14.73185062,14.62777328,29.8698864,18.79854965,0.0916841,0.05954479,-,-,-,71.37255096,58.03921509,-,-,1575,-,-,-,-,-,1.74543107,0.02909052,-,9.84251976,754.472168,218.9211426,43.746521,-79.85923004,14,13.36795712,32,8.17285919,23.78431511,45.77268982,5.6732502,-,12.54901981,633,34.20372391,33.55404282,16.47058868,61.41287231,-,2.83940649,338.2510071,301.5610046
Fri May 25 19:28:08 EDT 2018,28:08.2,-79.85959795,43.74618845,15.963698,3,229.9604934,218.51613,-3.02028537,-6.59363127,4.96078587,-0.00503988,-,-,-,5.09803915,-0.05874874,3.92156863,3.13725495,-,-,14.85566616,14.15359592,29.92174721,18.90449905,0.08630992,0.05957622,-,-,-,32.54901886,23.52941132,-,-,1075,-,-,-,-,-,0.7015354,0.01169226,-,9.84251976,754.463562,218.5161285,43.74618912,-79.85959625,14,12.14097881,32,21.08732033,23.77924156,46.06814575,5.64233923,-,1.56862748,636,35.70977783,34.79678726,5.09803915,63.45170593,-,2.86878157,341.756012,301.5610046
Fri May 25 19:28:11 EDT 2018,28:11.2,-79.85995459,43.74585498,15.287901,3,229.9467504,218.31566,-3.32075787,-6.36259079,5.03500605,-0.00228579,-,-,-,4.31372547,-0.09086788,0,0,-,-,0,29.39955139,29.96821594,19.00632668,0.02910865,0.05898475,-,-,-,18.8235302,14.90196037,-,-,1162.5,-,-,-,-,-,0,0,-,9.84251976,754.418457,218.3156586,43.74585342,-79.85995483,14,-,32,217.6716766,23.78425026,46.29846191,5.61824369,-,1.17647064,639,34.19805908,32.31130219,4.70588255,-,-,2.89791346,344.5150147,301.5610046
Fri May 25 19:28:14 EDT 2018,28:14.2,-79.86026873,43.74557153,11.257818,3,230.1435421,219.32066,-4.21738625,-9.36611748,5.64792204,-0.04622732,-,-,-,4.70588255,-0.04899024,0,0,-,-,0,29.39955139,29.96247673,19.07433701,0.00623972,0.0584362,-,-,-,16.07843208,12.54901981,-,-,1387.5,-,-,-,-,-,0,0,-,9.84251976,755.0640869,219.3206635,43.74557114,-79.86026764,15,-,32,217.6716766,23.80002213,46.57071304,5.58976078,-,0.78431374,642,25.18302155,23.61210442,4.70588255,-,-,2.9230175,347.8070068,301.5610046
Fri May 25 19:28:17 EDT 2018,28:17.2,-79.86052578,43.74534909,11.399897,3,230.2088499,219.09685,-3.42849684,-6.7468605,6.39251852,0.03172529,-,-,-,14.11764717,0.02321782,27.84313774,27.45098114,-,-,12.49957561,13.95575809,29.89767647,19.10380173,0.71736544,0.05837361,-,-,-,68.62744904,53.33333206,-,-,1525,-,-,-,-,-,2.3148334,0.03858056,-,9.84251976,755.2783814,219.0968475,43.74534988,-79.86052704,15,18.29198265,33,4.56481504,23.78273582,46.79693222,5.56609392,-,10.1960783,645,25.50084114,26.09758949,14.50980377,84.71723175,-,2.94305134,350.5679932,301.5610046
Fri May 25 19:28:20 EDT 2018,28:20.2,-79.86080653,43.74508471,13.321033,3,230.1035116,218.23416,-2.77847099,-6.82227755,5.59884071,-0.00107352,-,-,-,16.07843208,-0.05649858,32.15686417,31.37254906,-,-,14.79779625,14.77357197,29.87184525,19.15694046,0.12200594,0.0585645,-,-,-,52.15686417,57.25490189,-,-,1125,-,-,-,-,-,1.15790939,0.01929849,-,9.84251976,754.9328003,218.2341614,43.74508286,-79.86080933,15,14.1043129,32,10.95089436,23.74343681,47.06400299,5.53815317,-,12.15686321,648,29.79829979,29.82581711,16.07843208,96.34654236,-,2.96608663,353.8580017,301.5610046
Fri May 25 19:28:23 EDT 2018,28:23.2,-79.86111338,43.74479252,13.8060255,3,230.073221,218.25548,-4.19942999,-6.85819054,5.59524918,0.03187086,-,-,-,4.70588255,0.03523032,0,0,-,-,14.84759235,16.73398972,29.87153625,19.2026329,0.09645588,0.05850039,-,-,-,22.74509811,25.88235283,-,-,1112.5,-,-,-,-,-,0,0,-,9.84251976,754.8334351,218.2554779,43.74479294,-79.8611145,15,14.1043129,32,217.6716766,23.73673058,47.28839111,5.51467752,-,0.78431374,651,30.88319969,29.82581711,6.27450991,96.34654236,-,2.99144006,356.6480103,301.5610046
Fri May 25 19:28:26 EDT 2018,28:26.2,-79.86141377,43.74451007,12.492482,3,230.1515672,218.87947,-4.10725307,-7.13831234,5.62517691,0.02696085,-,-,-,4.31372547,-0.00227007,0,0,-,-,0,29.39955139,29.85873604,19.26250648,0,0.05796995,-,-,-,20.3921566,15.68627453,-,-,1125,-,-,-,-,-,0,0,-,9.84251976,755.0904541,218.8794708,43.74451065,-79.86141205,15,-,32,217.6716766,23.74816513,47.51993942,5.49045277,-,1.17647064,654,27.94488525,27.34033203,4.70588255,-,-,3.01606321,360.0419922,301.5610046
Fri May 25 19:28:29 EDT 2018,28:29.2,-79.86168808,43.74425686,11.239002,3,230.3034825,218.43065,-4.05098915,-7.4387846,5.64792204,0.00983234,-,-,-,4.31372547,-0.0372797,0,0,-,-,0,29.39955139,29.81766891,19.30323029,0,0.05752885,-,-,-,19.6078434,15.68627453,-,-,1125,-,-,-,-,-,0,0,-,9.84251976,755.5888672,218.4306488,43.74425507,-79.86168671,15,-,32,217.6716766,23.76184654,47.77172089,5.46411133,-,1.17647064,656,25.14093208,23.61210442,4.70588255,-,-,3.03829193,362.7390137,301.5610046
Fri May 25 19:28:32 EDT 2018,28:32.2,-79.86192949,43.74403589,9.335142,3,230.4265422,217.68114,-3.97317767,-7.12514448,4.0090909,0.01874623,-,-,-,4.31372547,0.01089521,0,0,-,-,0,12.34974003,29.76914406,19.31614113,0,0.05726553,-,-,-,22.74509811,16.47058868,-,-,1050,-,-,-,-,-,0,0,-,9.84251976,755.9926148,217.6811371,43.74403763,-79.86193085,15,-,33,217.6716766,23.76790619,48.00185776,5.44003487,-,1.17647064,660,20.88211823,18.64113617,4.70588255,-,-,3.05775332,365.6789856,301.5610046
Fri May 25 19:28:35 EDT 2018,28:35.2,-79.86207398,43.74389567,2.9959755,3,230.5874042,224.93335,-3.18309116,-7.06768322,5.37737703,-0.01932806,-,-,-,4.31372547,-0.03284785,0,0,-,-,12.49957561,12.50181866,29.60132217,19.27290726,0.03761102,0.05695668,-,-,-,21.96078491,16.47058868,-,-,1050,-,-,-,-,-,0.53922522,0.00898709,-,9.84251976,756.5203247,224.9333496,43.74389648,-79.86207581,15,-,33,3.9192481,23.76452255,48.21629715,5.41760015,-,1.17647064,663,6.70180655,4.97096968,4.70588255,-,-,3.06984258,368.4419861,301.5610046
Fri May 25 19:28:38 EDT 2018,28:38.2,-79.86215907,43.74386891,3.7628112,3,230.604992,254.46048,-1.7705121,-7.21133566,6.42005205,0.00905682,-,-,-,9.8039217,-0.02729989,27.05882454,27.05882454,-,-,14.87361145,14.72960758,29.37318802,19.18887138,0.19002287,0.05705922,-,-,-,53.33333588,35.29411697,-,-,1912.5,-,-,-,-,-,1.96141839,0.03269031,-,9.84251976,756.578064,254.4604797,43.74386978,-79.86215973,15,9.50744438,33,1.8855617,23.73488998,48.48602295,5.38938141,-,5.49019623,665,8.41716862,9.94193935,10.58823586,21.59887886,-,3.07455802,371.9500122,301.5610046
Fri May 25 19:28:41 EDT 2018,28:41.2,-79.86234577,43.7439112,7.8598895,3,230.7944841,315.32986,-2.68629432,-6.68820238,6.73848057,0.02760888,-,-,-,22.35294151,0.04677429,43.52941132,43.13725662,-,-,14.73588848,14.6555872,29.27348709,19.16602135,0.47614482,0.05749683,-,-,-,71.76470947,54.11764526,-,-,2237.5,-,-,-,-,-,3.4666729,0.05777788,-,9.84251976,757.199707,315.3298645,43.74391174,-79.86234283,15,24.10077286,32,1.981269,23.67789841,48.70074463,5.36691761,-,16.86274529,668,17.5820713,18.64113617,20,67.45735931,-,3.08475161,374.7690125,301.5610046
Fri May 25 19:28:44 EDT 2018,28:44.2,-79.8625946,43.74411292,11.44571,3,230.9802211,316.4057,-3.56975484,-7.04015017,6.94198799,0.01560279,-,-,-,22.35294151,-0.03273597,44.70588303,43.92156982,-,-,14.70358849,14.71390629,29.23384857,19.18179321,0.39512998,0.05823395,-,-,-,75.29412079,61.96078491,-,-,1825,-,-,-,-,-,2.70496678,0.04508278,-,9.84251976,757.8091431,316.4057007,43.74411392,-79.8625946,15,18.06600761,33,3.90643883,23.62426758,48.93714142,5.3421855,-,18.03921509,671,25.60332298,26.09758949,23.13725471,139.2519074,-,3.10344434,377.8999939,301.5610046
Fri May 25 19:28:47 EDT 2018,28:47.2,-79.86292855,43.7443709,14.206332,3,231.0435002,316.5314,-3.39856935,-6.33266354,6.94917059,0.01063952,-,-,-,24.70588303,0.02136349,46.27450943,45.88235474,-,-,14.77581501,14.60399818,29.23366547,19.2229538,0.25548479,0.05868131,-,-,-,78.03921509,62.74509811,-,-,2037.5,-,-,-,-,-,3.25644016,0.054274,-,9.84251976,758.0167236,316.5314026,43.74436951,-79.8629303,15,23.35700798,32,4.05611134,23.57619667,49.15289688,5.31961346,-,20,674,31.77865982,32.31130219,23.92156982,131.8070831,-,3.12787175,380.7829895,301.5610046
Fri May 25 19:28:50 EDT 2018,28:50.2,-79.8633304,43.74467799,16.7894,4,231.0439085,316.18848,-3.27167654,-6.72890377,6.47033024,0.00069359,-,-,-,28.62745094,0.0053848,49.01960754,48.23529434,-,-,14.76594543,14.91578007,29.26445389,19.28410912,0.82905835,0.05939892,-,-,-,77.2549057,65.88235474,-,-,2062.5,-,-,-,-,-,3.27133465,0.05452224,-,13.12335968,758.0180664,316.1884766,43.7446785,-79.86332703,14,38.63869095,32,4.84517241,23.53148842,49.36794281,5.29711533,-,23.92156982,677,37.5568161,37.28227234,29.01960754,102.862915,-,3.15709543,383.6809998,301.5610046
Fri May 25 19:28:53 EDT 2018,28:53.2,-79.86379809,43.74502976,19.176062,3,230.9896416,316.19745,-3.59968233,-6.65947199,6.3147068,0.0239014,-,-,0,34.11764908,-0.01051737,52.94117737,51.76470566,-,-,14.68564415,14.74755192,29.36170578,19.40900993,0.18169469,0.05978034,-,-,-,79.60784149,69.01960754,-,-,2012.5,-,-,-,-,-,3.42016745,0.05700279,-,9.84251976,757.8400269,316.1974487,43.74502945,-79.86380005,14,29.33210182,32,5.09776163,23.47714996,49.5772934,5.27521324,-,29.41176605,680,42.89562607,42.25324249,29.41176605,88.8794632,-,3.19082713,386.526001,301.5610046
Fri May 25 19:28:56 EDT 2018,28:56.2,-79.86432138,43.74541997,21.030294,3,230.9199151,315.33478,-3.08492899,-6.98867464,6.37695646,0.04397735,-,-,0,27.05882454,0.034142,47.45098114,46.27450943,-,-,14.64975643,14.55599689,29.50277901,19.56252289,0.10945402,0.06007658,-,-,-,72.94117737,65.88235474,-,-,1675,-,-,-,-,-,2.44629264,0.04077155,-,9.84251976,757.6112671,315.3347778,43.74541855,-79.86431885,14,22.46487236,32,8.20706844,23.40931892,49.82936096,5.24884176,-,23.52941132,683,47.04343033,47.22420883,24.31372643,101.1730118,-,3.22840071,389.9830017,301.5610046
Fri May 25 19:28:59 EDT 2018,28:59.2,-79.86488322,43.74583825,22.071491,3,230.9145434,315.94385,-3.04303026,-7.06648636,5.40730476,0.02932716,-,-,0,20.7843132,0.03014905,40.7843132,40,-,-,14.78388977,14.76998329,29.61428452,19.6763382,0.10127009,0.06009455,-,-,-,75.29412079,58.82352829,-,-,1900,-,-,-,-,-,2.80715394,0.0467859,-,9.84251976,757.593689,315.9438477,43.74583817,-79.86488342,15,22.66354179,31,7.34025764,23.3764286,50.02887726,5.22796822,-,16.07843208,686,49.37252045,49.70969391,20.3921566,68.43781281,-,3.26870775,392.743988,301.5610046
Fri May 25 19:29:02 EDT 2018,29:02.2,-79.86547163,43.74627377,22.883173,3,230.9556433,316.00162,-3.61404753,-7.36097336,6.12077665,0.05235654,-,-,0,22.35294151,0.07949035,39.60784531,39.2156868,-,-,14.68564415,14.80183315,29.79961586,19.85902214,0.08700278,0.06012085,-,-,-,73.33333588,62.74509811,-,-,1800,-,-,-,-,-,2.66031814,0.04433864,-,9.84251976,757.7285156,316.0016174,43.74627304,-79.86547089,15,21.8741436,31,8.14260197,23.35198212,50.23117065,5.20680475,-,18.4313736,689,51.18819809,50.95243835,18.8235302,-,-,3.31079555,395.5660095,301.5610046
Fri May 25 19:29:05 EDT 2018,29:05.2,-79.86607225,43.7467253,23.510532,4,231.081144,315.70535,-3.21780705,-6.96233845,6.6067996,0.01795926,-,-,0,21.17647171,-0.01587534,42.35294342,41.5686264,-,-,14.75383282,14.09392929,29.99275398,20.04694176,0.06298597,0.05997008,-,-,-,56.47058868,60.39215851,-,-,1662.5,-,-,-,-,-,1.792871,0.02988118,-,13.12335968,758.1402588,315.7053528,43.74672699,-79.86607361,15,21.01928902,31,12.37693787,23.31356049,50.46431351,5.1824131,-,16.86274529,692,52.59156418,52.19517899,21.17647171,-,-,3.35410166,398.8469849,301.5610046
Fri May 25 19:29:08 EDT 2018,29:08.2,-79.86668912,43.7471767,23.24362,3,231.1187199,315.75867,-3.64038372,-6.50025749,6.16028118,-0.00280606,-,-,0,14.90196133,0.04614748,30.98039246,30.58823586,-,-,14.8215723,14.64796257,30.12083054,20.17180061,0.07142028,0.05975022,-,-,-,72.15686035,52.54901886,-,-,1450,-,-,-,-,-,1.92523634,0.03208727,-,9.84251976,758.2634888,315.758667,43.74717712,-79.86669159,15,-,31,11.25156116,23.31496429,50.67095947,5.16079426,-,11.37254906,695,51.99449921,50.95243835,9.01960754,-,-,3.39797115,401.7810059,301.5610046
Fri May 25 19:29:11 EDT 2018,29:11.2,-79.86729862,43.74762323,23.418732,3,231.2041378,315.84216,-3.08852029,-6.64390993,5.50307274,-0.04693234,-,-,0,16.47058868,-0.05585973,32.54901886,32.15686417,-,-,14.75787067,14.6919241,30.3082943,20.35602188,0.04661786,0.05934474,-,-,-,69.80392456,55.68627548,-,-,1612.5,-,-,-,-,-,2.16091204,0.0360152,-,9.84251976,758.5437622,315.8421631,43.74762344,-79.86730194,15,20.10666656,31,10.26892948,23.28694344,50.89702225,5.13714314,-,12.15686321,698,52.3862114,52.19517899,16.47058868,87.43490601,-,3.44134045,405.0190125,301.5610046
Fri May 25 19:29:14 EDT 2018,29:14.2,-79.86791114,43.74807815,23.688568,3,231.2284275,316.0434,-3.92649078,-6.99226618,5.69939709,-0.02226322,-,-,0,15.68627453,-0.05133359,31.37254906,30.58823586,-,-,14.69596195,14.70358849,30.43628693,20.48088264,0.07553972,0.05922077,-,-,-,70.19608307,55.68627548,-,-,1550,-,-,-,-,-,2.02696729,0.03378279,-,9.84251976,758.6234131,316.043396,43.74807739,-79.86791229,15,-,30,10.94751453,23.27039719,51.05144119,5.12098789,-,11.37254906,700,52.98981857,52.19517899,15.68627453,87.43490601,-,3.48522925,407.2479858,301.5610046
Fri May 25 19:29:17 EDT 2018,29:17.2,-79.86852061,43.74854464,23.942696,3,231.1062432,315.58948,-3.21301866,-6.47033024,5.83586645,0.01407579,-,-,0,14.90196133,-0.05589727,29.41176605,28.62745094,-,-,14.70986843,14.69775677,30.62909889,20.66876793,0.09192821,0.05902781,-,-,-,69.80392456,54.11764526,-,-,1475,-,-,-,-,-,2.01504159,0.03358402,-,9.84251976,758.2225952,315.5894775,43.74854279,-79.86852264,14,20.7282505,30,11.27450275,23.24896431,51.27903366,5.09717751,-,10.58823586,704,53.55828476,53.43792343,14.90196133,96.78741455,-,3.52958775,410.5589905,301.5610046
Fri May 25 19:29:20 EDT 2018,29:20.2,-79.86914204,43.74900925,23.954342,3,231.1399483,315.72037,-3.8510735,-6.86058474,6.10760832,0.03428882,-,-,0,14.11764717,-0.08177005,27.45098114,27.05882454,-,-,14.78792667,14.94987392,30.82572556,20.85928535,0.96019661,0.05876938,-,-,-,67.45098114,54.90196228,-,-,1537.5,-,-,-,-,-,1.9131645,0.03188607,-,9.84251976,758.3331909,315.7203674,43.74900818,-79.86914062,15,-,30,11.87487602,23.23083115,51.48410797,5.07572269,-,10.1960783,707,53.58433533,53.43792343,14.50980377,-,-,3.5742662,413.5690002,301.5610046
Fri May 25 19:29:23 EDT 2018,29:23.2,-79.869759,43.74947788,24.095728,3,231.152796,315.93884,-4.23893404,-7.07606316,6.52060843,0.02106778,-,-,0,15.29411793,-0.03760204,30.98039246,30.58823586,-,-,14.6555872,14.55599689,31.01899147,21.04760361,0.04840555,0.05848574,-,-,-,70.98039246,56.47058868,-,-,1650,-,-,-,-,-,2.20134282,0.03668905,-,9.84251976,758.3753052,315.9388428,43.74947739,-79.86975861,15,-,30,10.32033348,23.20647812,51.70084763,5.05304766,-,11.37254906,709,53.90060806,53.43792343,16.07843208,-,-,3.61899042,416.7780151,301.5610046
Fri May 25 19:29:26 EDT 2018,29:26.2,-79.87038627,43.74994753,24.229927,3,231.2580933,315.7859,-3.90853429,-6.50145483,5.28041172,0.01651427,-,-,0,15.68627453,0.00229425,30.58823586,30.19607925,-,-,14.39988136,14.67173767,31.14601135,21.17194176,0.07684238,0.05842888,-,-,-,69.01960754,55.68627548,-,-,1637.5,-,-,-,-,-,2.15490031,0.035915,-,9.84251976,758.7207642,315.7858887,43.74994659,-79.87038422,15,-,30,10.54275799,23.18569565,51.8929863,5.03294563,-,11.37254906,713,54.20080185,53.43792343,16.47058868,-,-,3.66412163,419.6470032,301.5610046
Fri May 25 19:29:29 EDT 2018,29:29.2,-79.8710198,43.75042056,24.547827,3,231.3909483,315.28305,-3.93487048,-6.894104,5.97233629,0.03162128,-,-,0,16.86274529,-0.0265348,32.15686417,31.37254906,-,-,14.80183315,14.44967556,31.33735466,21.35904121,0.05319233,0.0582408,-,-,-,63.52941132,54.90196228,-,-,1637.5,-,-,-,-,-,1.93113697,0.03218562,-,9.84251976,759.1566162,315.2830505,43.75041962,-79.87101746,15,22.92884827,29,12.03795052,23.15592194,52.10900497,5.01034594,-,12.54901981,715,54.91192627,54.68066406,15.29411793,-,-,3.70963812,422.8999939,301.5610046
Fri May 25 19:29:32 EDT 2018,29:32.2,-79.87166354,43.75089115,24.176401,3,231.4295531,315.3287,-3.7193923,-6.6259532,5.6563015,0.01298654,-,-,0,4.70588255,-0.00211718,0,0,-,-,14.80990887,13.82970047,31.46776581,21.48573875,0.05288842,0.05788239,-,-,-,20.7843132,21.1764698,-,-,1400,-,-,-,-,-,0.60860246,0.01014337,-,9.84251976,759.2833252,315.3287048,43.75089264,-79.87166595,15,-,29,37.32911682,23.15606499,52.29090118,4.99131584,-,1.17647064,718,54.08106613,53.43792343,10.98039246,-,-,3.75539279,425.6619873,301.5610046
Fri May 25 19:29:35 EDT 2018,29:35.2,-79.87228067,43.7513529,23.515408,3,231.6771264,315.69608,-3.64876342,-6.69777918,5.42047262,0.00124071,-,-,0,12.15686321,-0.05426632,22.35294151,21.96078491,-,-,14.7417202,14.71166325,31.64001465,21.65989494,0.06790129,0.05747025,-,-,-,69.41176605,47.84313583,-,-,1387.5,-,-,-,-,-,1.78950059,0.02982501,-,9.84251976,760.0955811,315.6960754,43.75135422,-79.87228394,15,-,30,12.40024757,23.14637184,52.47519684,4.97203493,-,8.62745094,721,52.60246658,52.19517899,12.15686321,-,-,3.79977989,428.4819946,301.5610046
Fri May 25 19:29:38 EDT 2018,29:38.2,-79.87289412,43.75181172,23.72466,3,231.7216493,315.5735,-4.29519796,-7.14429808,5.68503189,0.04754835,-,-,0,11.76470566,-0.07769141,21.96078491,21.17647171,-,-,14.72377586,14.79959106,31.80942535,21.83208656,0.05084627,0.05730725,-,-,-,63.92156982,43.92156982,-,-,1400,-,-,-,-,-,1.66951764,0.0278253,-,9.84251976,760.2416382,315.5734863,43.75181198,-79.87289429,14,-,30,13.29141521,23.13670349,52.69151306,4.94940424,-,8.23529434,724,53.07055283,52.19517899,11.76470566,-,-,3.84389281,431.8200073,301.5610046
Fri May 25 19:29:41 EDT 2018,29:41.2,-79.87350609,43.75227818,23.757051,3,232.0133322,316.03387,-3.32195497,-6.81748915,6.03338814,-0.01440958,-,-,0,12.15686321,0.03083857,25.49019623,25.09803963,-,-,14.67398071,14.6555872,31.97606659,22.00234795,0.04401671,0.05697777,-,-,-,69.01960754,52.54901886,-,-,1400,-,-,-,-,-,1.80523181,0.0300872,-,9.84251976,761.1986084,316.0338745,43.75227737,-79.87350464,14,-,30,12.29219055,23.12548256,52.87413788,4.93029785,-,8.62745094,727,53.14300919,52.19517899,13.72549057,-,-,3.88833761,434.6619873,301.5610046
Fri May 25 19:29:44 EDT 2018,29:44.2,-79.87411161,43.75274413,23.581062,3,232.6580274,316.03958,-3.24893165,-6.36737919,5.61200857,-0.02237405,-,-,0,16.07843208,-0.0860463,32.54901886,32.15686417,-,-,14.68564415,14.61162376,32.1400032,22.17070961,0.06971259,0.05673997,-,-,-,70.58823395,58.03921509,-,-,1600,-,-,-,-,-,2.16900134,0.03615002,-,9.84251976,763.3137207,316.0395813,43.75274277,-79.87411499,14,-,29,10.23062992,23.10142708,53.07777405,4.90899372,-,12.54901981,730,52.74933243,52.19517899,16.47058868,-,-,3.93253183,437.8569946,301.5610046
Fri May 25 19:29:47 EDT 2018,29:47.2,-79.87472159,43.75320896,23.845396,3,233.184519,316.08817,-3.54461551,-6.77199936,6.42364311,-0.00966591,-,-,0,15.29411793,0.06898016,28.23529434,27.84313774,-,-,14.70986843,14.61790466,32.24782944,22.28191185,0.08590661,0.05664273,-,-,-,69.01960754,54.11764526,-,-,1487.5,-,-,-,-,-,1.91794932,0.03196583,-,9.84251976,765.0410767,316.0881653,43.75320816,-79.87472534,14,-,29,11.56978035,23.08309364,53.25724792,4.89021683,-,10.98039246,733,53.34062958,52.19517899,16.47058868,-,-,3.97682261,440.6960144,301.5610046
Fri May 25 19:29:50 EDT 2018,29:50.2,-79.87534148,43.75367569,24.028297,3,233.6364244,315.85794,-4.01986456,-6.51462269,5.56891298,-0.01485488,-,-,0,13.33333397,-0.07933045,24.31372643,23.13725471,-,-,14.72557068,14.64392281,32.41734695,22.45404434,0.07122705,0.05643331,-,-,-,40.39215851,53.33333206,-,-,1400,-,-,-,-,-,0.95364648,0.01589411,-,9.84251976,766.5237427,315.8579407,43.75367737,-79.87534332,14,25.50761032,29,23.82286453,23.06832886,53.42547607,4.87261677,-,10.1960783,736,53.74977112,53.43792343,11.37254906,125.2644577,-,4.02155161,443.3770142,301.5610046
Fri May 25 19:29:53 EDT 2018,29:53.2,-79.87595717,43.75413457,23.573853,3,234.1206109,315.99326,-3.91451979,-6.18182898,5.54497099,0.02366404,-,-,0,14.90196133,-0.0097066,27.84313774,27.05882454,-,-,14.79779625,14.8238163,32.57431412,22.61745644,0.05139462,0.05620773,-,-,-,70.58823395,56.47058868,-,-,1500,-,-,-,-,-,1.96138155,0.03268969,-,9.84251976,768.1122437,315.9932556,43.75413513,-79.87595367,14,-,29,11.31358147,23.05504608,53.63393021,4.85080862,-,10.98039246,738,52.73320389,52.19517899,14.90196133,-,-,4.0657444,446.7260132,301.5610046
Fri May 25 19:29:56 EDT 2018,29:56.2,-79.87657495,43.75459196,23.794724,4,234.5837303,315.69324,-3.20224476,-6.43321991,5.64792204,-0.04929709,-,-,0,14.90196133,-0.11427695,29.80392265,29.01960754,-,-,14.71166325,14.71794415,32.72881317,22.77908325,0.05853475,0.05601093,-,-,-,70.19608307,54.90196228,-,-,1525,-,-,-,-,-,2.0038414,0.03339736,-,13.12335968,769.6316528,315.6932373,43.7545929,-79.87657166,14,-,29,11.0738554,23.04043388,53.80739975,4.8326602,-,10.98039246,742,53.22727966,52.19517899,15.29411793,-,-,4.10993671,449.5360107,301.5610046
Fri May 25 19:29:59 EDT 2018,29:59.2,-79.87719898,43.75504538,23.331676,4,235.0565502,315.6817,-3.88459229,-7.17901373,4.97754526,-0.01070932,-,-,0,4.70588255,-0.03289398,0,0,-,-,14.91981792,29.39955139,32.88412857,22.94120407,0.01571907,0.05566631,-,-,-,15.68627453,14.90196037,-,-,1325,-,-,-,-,-,0,0,-,13.12335968,771.1829224,315.6817017,43.75504684,-79.87719727,14,-,29,217.6716766,23.04389,54.0100174,4.8114624,-,1.17647064,744,52.1914711,50.95243835,4.70588255,-,-,4.15415335,452.8450012,301.5610046
Fri May 25 19:30:02 EDT 2018,30:02.2,-79.87779545,43.75547976,21.946115,3,235.6547351,315.63486,-3.97916317,-7.79552078,6.10401726,0.02127158,-,-,0,4.31372547,-0.00126396,0,0,-,-,0,29.39955139,32.97130585,23.0378418,0,0.05509238,-,-,-,16.86274529,13.33333302,-,-,1250,-,-,-,-,-,0,0,-,9.84251976,773.1454468,315.6348572,43.75547791,-79.87779236,14,-,30,217.6716766,23.0621109,54.17941666,4.7937398,-,1.17647064,748,49.09206009,48.46695328,4.70588255,-,-,4.19646549,455.6340027,301.5610046
Fri May 25 19:30:05 EDT 2018,30:05.2,-79.87835345,43.75589164,20.914318,3,236.2580077,315.51523,-4.02465296,-6.57567501,5.72214222,0.0322923,-,-,0,9.4117651,0.03896249,8.62745094,4.31372547,-,-,12.49957561,29.39955139,33.07803345,23.1658783,0,0.05458548,-,-,-,18.8235302,35.29411697,-,-,1187.5,-,-,-,-,-,0,0,-,9.84251976,775.1246948,315.5152283,43.75588989,-79.87835693,14,-,30,217.6716766,23.07522583,54.38005066,4.7727499,-,7.05882359,750,46.78399658,45.9814682,4.70588255,-,-,4.23631954,458.9639893,301.5610046
Fri May 25 19:30:08 EDT 2018,30:08.2,-79.87888075,43.75628432,19.605143,3,236.7262455,315.31854,-3.78762698,-7.12035608,5.85502005,0.00505166,-,-,0,4.70588255,-0.04339206,0,0,-,-,0,29.39955139,33.13450241,23.240839,0.00794649,0.05427567,-,-,-,20.3921566,14.90196037,-,-,1112.5,-,-,-,-,-,0,0,-,9.84251976,776.6608887,315.3185425,43.75628281,-79.87888336,14,-,30,217.6716766,23.0861969,54.54209518,4.75579643,-,1.17647064,754,43.85545731,42.25324249,4.70588255,-,-,4.27415133,461.6749878,301.5610046
Fri May 25 19:30:11 EDT 2018,30:11.2,-79.87937986,43.75665106,18.503868,3,237.0449011,316.1701,-4.10246468,-7.20056152,4.96557426,0.01332791,-,-,0,4.31372547,-0.05061606,0,0,-,-,0,29.39955139,33.19762421,23.33790588,0,0.05365799,-,-,-,21.17647171,16.47058868,-,-,1100,-,-,-,-,-,0,0,-,9.84251976,777.7063599,316.170105,43.75665283,-79.87937927,14,-,30,217.6716766,23.10682678,54.73561478,4.7355504,-,1.17647064,756,41.39197159,39.76775742,4.70588255,-,-,4.3097167,464.9379883,301.5610046
Fri May 25 19:30:14 EDT 2018,30:14.2,-79.87982323,43.75698901,15.561758,3,237.4211243,315.70688,-4.3969512,-6.81389809,4.11682987,0.05373381,-,-,-,4.31372547,0.05181888,0,0,-,-,0,29.39955139,33.21825027,23.3873539,0,0.05337304,-,-,-,15.68627453,14.11764717,-,-,1400,-,-,-,-,-,0,0,-,9.84251976,778.9407349,315.7068787,43.75698853,-79.87982178,14,-,30,217.6716766,23.1163578,54.89884186,4.71847343,-,1.17647064,760,34.81066132,32.31130219,4.70588255,-,-,4.34191322,467.7120056,301.5610046
Fri May 25 19:30:17 EDT 2018,30:17.2,-79.88017933,43.75725692,12.421869,3,237.8876212,315.21835,-6.30034161,-8.65982723,4.77643251,0.12211275,-,-,-,4.70588255,0.20433898,0,0,-,-,0,29.39955139,33.18651581,23.41703606,0,0.05290055,-,-,-,16.07843208,12.54901981,-,-,1287.5,-,-,-,-,-,0,0,-,9.84251976,780.4711914,315.2183533,43.75725555,-79.88018036,14,-,31,217.6716766,23.12832069,55.06607819,4.7009778,-,1.17647064,762,27.78692818,24.85484695,5.09803915,-,-,4.3675971,470.5750122,301.5610046
Fri May 25 19:30:20 EDT 2018,30:20.2,-79.88043203,43.75744076,7.0296936,3,238.349473,316.19193,-2.41455245,-8.45153236,5.07331324,0.05019543,-,-,-,4.31372547,0.08625053,0,0,-,-,12.49957561,12.64985943,33.09033585,23.40062141,0,0.05265787,-,-,-,21.96078491,14.11764717,-,-,987.5,-,-,-,-,-,0.44691065,0.00744851,-,9.84251976,781.9864502,316.1919251,43.75744247,-79.88043213,14,-,31,14.18644047,23.13510513,55.25834656,4.68086243,-,1.17647064,765,15.72497654,13.67016602,4.31372547,-,-,4.38551426,473.8930054,301.5610046
Fri May 25 19:30:23 EDT 2018,30:23.2,-79.8805388,43.75757317,5.915216,3,238.7638491,5.826823,-2.04943657,-8.30069733,5.74728107,0.03985765,-,-,-,5.49019623,0.03934562,12.15686321,11.37254906,-,-,12.49957561,13.96383381,32.98804092,23.36225128,0.03967946,0.05261791,-,-,-,32.15686417,18.8235302,-,-,1337.5,-,-,-,-,-,1.07476473,0.01791275,-,9.84251976,783.3460083,5.82682323,43.75757217,-79.88053894,15,-,31,4.91586018,23.13005829,55.42121124,4.6638236,-,1.96078432,768,13.23196125,12.42742348,4.70588255,-,-,4.39632273,476.7260132,301.5610046
Fri May 25 19:30:26 EDT 2018,30:26.2,-79.88038772,43.75770175,7.469235,3,239.1166143,42.602184,-3.66073442,-6.62954473,6.02979708,0.0057897,-,-,-,10.58823586,-0.01071866,23.92156982,23.52941132,-,-,14.84579754,14.68968201,32.84870529,23.31384659,0.2245601,0.05276078,-,-,-,55.68627548,40,-,-,1362.5,-,-,-,-,-,1.4917109,0.02486185,-,9.84251976,784.5032959,42.6021843,43.75770187,-79.88038635,14,13.19252968,31,4.60438538,23.10236931,55.57811737,4.64740801,-,6.66666698,771,16.70820236,16.15565109,10.98039246,25.43704033,-,4.40837145,479.4750061,301.5610046
Fri May 25 19:30:29 EDT 2018,30:29.2,-79.8801476,43.75785817,9.598062,3,239.3303213,44.143238,-3.21421576,-7.01501083,5.86938524,-0.00398549,-,-,-,10.98039246,-0.03708503,23.52941132,23.13725471,-,-,14.84759235,14.75966454,32.74474716,23.28959465,0.15473266,0.05285991,-,-,-,61.17647171,46.27450943,-,-,1375,-,-,-,-,-,1.51713121,0.02528552,-,9.84251976,785.2044678,44.14323807,43.75785828,-79.88014984,14,17.25177002,31,5.92023182,23.08234596,55.76383972,4.62797785,-,7.84313726,774,21.47025108,21.12662125,11.37254906,77.31084442,-,4.4245286,482.7539978,301.5610046
Fri May 25 19:30:32 EDT 2018,30:32.2,-79.87986954,43.75805759,11.141439,3,239.5825872,44.857944,-3.13520718,-6.6307416,5.85502005,-0.00432881,-,-,-,10.98039246,0.01411796,20.7843132,20.3921566,-,-,14.721982,14.72781372,32.67539978,23.28911972,0.10825694,0.05300076,-,-,-,52.15686417,44.70588303,-,-,1250,-,-,-,-,-,1.20845568,0.02014093,-,9.84251976,786.0321045,44.85794449,43.75805664,-79.87986755,14,8.69442272,31,8.30683899,23.06729889,55.9229393,4.61133289,-,7.45098066,777,24.92268944,24.85484695,10.98039246,45.85989761,-,4.44410372,485.5849915,301.5610046
Fri May 25 19:30:35 EDT 2018,30:35.2,-79.87955913,43.75827838,11.749895,3,239.9493757,44.95794,-3.94684148,-7.14310074,5.42645836,0.01802164,-,-,-,4.70588255,0.01231152,0,0,-,-,14.8215723,29.39955139,32.6249733,23.30142021,0.05487964,0.05291664,-,-,-,21.96078491,29.01960754,-,-,1100,-,-,-,-,-,0,0,-,9.84251976,787.2354736,44.95793915,43.75827789,-79.87956238,14,9.41121769,31,217.6716766,23.06402016,56.10823822,4.59194708,-,1.17647064,780,26.28376579,24.85484695,4.70588255,63.07292557,-,4.46586704,488.9079895,301.5610046
Fri May 25 19:30:38 EDT 2018,30:38.2,-79.87925735,43.75849654,11.06377,3,240.2806014,43.898712,-3.7325604,-7.26999331,5.09007263,0.00933265,-,-,-,4.31372547,0.01295897,0,0,-,-,0,29.39955139,32.58779907,23.30672264,0,0.05265993,-,-,-,20.7843132,15.68627453,-,-,1112.5,-,-,-,-,-,0,0,-,9.84251976,788.3221436,43.89871216,43.75849533,-79.8792572,14,-,31,217.6716766,23.07018852,56.26244736,4.57581329,-,1.17647064,783,24.74894714,23.61210442,4.70588255,63.07292557,-,4.48719645,491.6950073,301.5610046
Fri May 25 19:30:41 EDT 2018,30:41.2,-79.87898709,43.75870211,9.912323,3,240.461429,44.013508,-4.42568207,-7.90565395,5.3474493,0.01425708,-,-,-,4.70588255,-0.00421203,0,0,-,-,0,12.37979698,32.51793289,23.30405807,0,0.05242321,-,-,-,22.35294151,16.47058868,-,-,1075,-,-,-,-,-,0,0,-,9.84251976,788.9154663,44.01350784,43.75870132,-79.87899017,14,-,31,217.6716766,23.08156204,56.43407822,4.55785751,-,1.17647064,785,22.17323303,21.12662125,4.70588255,-,-,4.5068059,494.8200073,301.5610046
Fri May 25 19:30:44 EDT 2018,30:44.2,-79.87874915,43.75887889,7.9403253,3,240.7853833,44.637047,-3.7265749,-6.7636199,4.8291049,-0.01320001,-,-,-,4.70588255,-0.03546269,0,0,-,-,12.49957561,12.5776329,32.45526123,23.29038048,0.01082377,0.05230379,-,-,-,22.35294151,16.47058868,-,-,1050,-,-,-,-,-,0.51185924,0.00853099,-,9.84251976,789.9782715,44.63704681,43.75888062,-79.87874603,14,-,31,14.45075035,23.07911491,56.59448624,4.54107571,-,1.17647064,788,17.76200104,14.91290855,4.70588255,-,-,4.52385664,497.7630005,301.5610046
Fri May 25 19:30:47 EDT 2018,30:47.2,-79.87858414,43.75900493,4.9648676,3,241.0728693,53.65594,-2.46961904,-8.86692619,4.71538019,0.03652941,-,-,-,4.70588255,0.02339433,0,0,-,-,14.88976097,14.74979496,32.31422043,23.2355175,0.07268574,0.05222589,-,-,-,23.92156982,17.25490189,-,-,1037.5,-,-,-,-,-,0.47499204,0.00791653,-,9.84251976,790.9215088,53.65594101,43.7590065,-79.87858582,14,-,31,10.01080704,23.07562828,56.74962234,4.5248456,-,1.17647064,792,11.10609245,9.94193935,4.70588255,-,-,4.53585386,500.6300049,301.5610046
Fri May 25 19:30:50 EDT 2018,30:50.2,-79.8784365,43.75903419,3.8301997,3,241.179459,96.332535,-4.62440062,-6.28118801,5.35582924,0.01083218,-,-,-,4.70588255,-0.00661103,0,0,-,-,14.87181664,14.86777973,32.14907837,23.16246986,0.05994121,0.05221079,-,-,-,23.92156982,17.25490189,-,-,1037.5,-,-,-,-,-,0.43146154,0.00719103,-,9.84251976,791.2711792,96.33253479,43.7590332,-79.87843323,14,-,31,7.34720469,23.07102966,56.93328476,4.50563049,-,1.17647064,794,8.5679121,7.45645428,4.70588255,-,-,4.54386759,504.0509949,301.5610046
Fri May 25 19:30:53 EDT 2018,30:53.2,-79.87831702,43.75903617,2.638034,3,241.216998,39.365887,-3.74094009,-7.83502483,4.58489609,0.01247027,-,-,-,4.70588255,0.00619444,0,0,-,-,14.80766582,15.07593346,32.02872849,23.10588074,0.09099769,0.05222174,-,-,-,28.23529434,18.03921509,-,-,775,-,-,-,-,-,0.43109232,0.00718487,-,9.84251976,791.3943481,39.36588669,43.75903702,-79.87831879,14,-,31,4.90233135,23.06410789,57.07762146,4.49053001,-,1.17647064,797,5.90111399,3.72822714,4.70588255,-,-,4.55004263,506.7600098,301.5610046
Fri May 25 19:30:56 EDT 2018,30:56.2,-79.87829731,43.75905374,0,4,241.269946,35.627674,-1.30962837,6.58644867,7.4483614,0.0647914,-,-,-,4.70588255,0.05125729,0,0,-,-,14.79555321,14.61969852,31.95746613,22.99279785,0.11275025,0.05226478,-,-,-,35.29411697,25.09803963,-,-,725,-,-,-,-,-,0.41691971,0.00694866,-,13.12335968,791.5680542,35.6276741,43.75905228,-79.8782959,14,-,32,0,23.06059456,56.96117783,4.47508335,-,1.17647064,800,0,0,4.70588255,-,-,4.55118704,508.1480103,302.9630127
Fri May 25 19:30:59 EDT 2018,30:59.2,-79.87829731,43.75905374,0,4,241.2801354,35.627674,-1.43771815,4.983531,8.24203968,0.01168764,-,-,-,4.31372547,-0.03220204,0,0,-,-,14.78388977,14.66186714,31.95746613,22.91666412,2.81656814,0.05231456,-,-,-,34.90196228,24.31372643,-,-,700,-,-,-,-,-,0,0,-,13.12335968,791.6015015,35.6276741,43.75905228,-79.8782959,14,-,32,0,23.05405998,56.74221039,4.4578805,-,1.17647064,803,0,0,4.31372547,-,-,4.55118704,508.1480103,306.0929871
